smiles,activity
O=C(c1cccc2ccccc12)N1CCCC(C(=O)N2CCc3ccccc3C2)C1,1.751279
COCC1CCN(c2noc(-c3cccs3)n2)CC1,1.109579
Cc1c(NC(=O)c2cc(C(N)=O)nc3cc(F)ccc23)c(C(F)(F)F)nn1Cc1ccc(C#N)cc1,-0.744727
c1ccc(C2(c3ccccc3)CCCN(Cc3nnc(C4CC4)o3)C2)cc1,1.550962
CCCCCCNc1ncnc2[nH]ccc12,1.269046
CC(=CC(C)C=CC(O)=NO)C(=O)c1ccc(N(C)C)cc1,1.344392
N#Cc1c(N2CCCC2)oc2nc3ccccc3nc12,-0.522879
CCc1nnsc1C(=O)Nc1cccc(-c2nnc3n2CCCCC3)c1,1.50853
N#Cc1c(O)c(Cl)c(Cl)c(C#N)c1Cl,1.495544
N#Cc1ccc2[nH]c(O)c(-c3ccc(CN4CCOCC4)cn3)c2c1,1.414137
CN(CCN(C)C1CCCC1)C(=O)c1ccc(-c2nc[nH]n2)cc1,1.565494
Cc1ccc(NC(=O)OC(C)(C)C)c2c1N(C(=O)C1CCCO1)CCC2,1.507721
Nc1cnc(Cc2ccc(F)cc2)nc1,1.582404
CN1C(=O)CCc2cc(NC(=O)C(C)(C)c3ccccc3F)ccc21,1.90725
CCOc1cc(CNc2ccc(N3CCOCC3)c(C(=O)O)c2)cc(Cl)c1OC,1.356599
CC(C)CC(C(N)=O)n1ccnc1-c1cccc2ccccc12,1.513883
Cn1cc(C(=O)N2CCC(CC(=O)O)CC2)cn1,1.758155
Cc1nn(C)c(C)c1NC(=O)CN1CCN(c2nccs2)CC1,1.765072
COCCNc1cc(NC(=O)N2CCCc3cc(CN4CCN(C)CC4=O)c(C=O)nc32)ncc1C#N,1.300813
Cn1nc(C2CCNCC2)c2cccnc21,1.727134
O=C(C1CC1c1ccccc1F)N1CCC(n2c(=O)[nH]c3ccccc32)CC1,1.697665
Cc1ccccc1CSc1ccc(-c2ccccn2)nn1,0.243038
Cc1ccc(-n2nc(C(C)(C)C)cc2NC(=O)NCc2cc(F)ccc2Oc2ccc3c(cnn3CCO)c2)cc1,-0.69897
COc1ccc(CNC(=O)c2nnn(-c3ccc(OC)cc3)c2N)cc1,1.062206
CN(CC(=O)Nc1cc(F)cc(F)c1)c1ccnc(C(N)=O)c1,1.661813
COc1ccc(C)cc1-n1ccc(C(=O)Nc2c3c(nn2C)CCC3)n1,1.521138
CCc1nc(CN2C(=O)COc3ccc(F)cc32)cs1,1.320354
Cc1cc(NC(=O)N2Cc3cc4c(cc3C3(CCCC3)C2)OCCO4)no1,-0.522879
Cc1nn(Cc2cccc(Br)c2)c(C)c1C(=O)O,1.710879
CC[C@@H]1C(F)C(=O)N[C@@H]1COc1nccc2cc(C(N)=O)c(OC)cc12,1.729003
O=C(NC1CCCCCC1)c1ccc(-c2cnco2)cc1,0.963788
COCC(=O)Nc1cccc(-n2cccc2)c1,1.706632
COc1ccc(CCC(=O)N2CCN(C(=O)c3cc4n(n3)CCCC4)CC2)cc1,1.92101
COc1cccc(-c2n[nH]c(-c3cccnc3)n2)c1,1.35526
Cc1noc(C)c1CS(=O)(=O)Cc1cccc2c1OCCO2,1.726727
Cc1cc(Nc2ccc(F)cn2)cc(C2CCN(C(=O)COc3ccccc3F)C2)n1,1.745465
Cc1ccc(C(=O)Nc2ccccc2C(C)(C)C)cn1,1.505014
FC(F)(F)COc1ccc(CN2CCc3c(cnn3-c3ccccc3)C2)nn1,1.716671
O=C1CN(C(=O)c2cccc(Oc3cccc(C(F)(F)F)c3)c2)CCN1,1.591065
CN(C)C(C)(C)CNc1ncnc2ccccc12,1.592066
Cc1nc(Cn2ncc3ccccc3c2=O)cs1,1.653888
CC(C)c1nnc(NCc2ccn(C)c2)o1,1.252368
O=C(CN1CCCC(c2nc3ccccc3o2)C1)Nc1ccc(OC(F)(F)F)cc1,0.835691
COc1ncccc1CNc1ncnc2c1cnn2C,1.668479
CC(C)c1nnc(CNC(=O)C2(C)CCC2)n1C,1.714665
CC(=O)NCc1ccc(-c2ccccc2C(=O)O)cc1,1.493597
C#CCNC(=O)c1cc(C(C)C)nn1CC,1.454082
Cc1ccc(C(=O)Nc2cccc(C(=O)N(C)C)c2)cn1,1.656002
O=C(CSCCCn1c(=O)[nH]c2ccccc21)N1CCCCC1,1.775246
CC(=O)c1ccc(OCCCCN2CCCC2)cc1,1.559667
O=c1c(=O)n(-c2ccc(F)c(F)c2)ccn1Cc1ccccc1Cl,-0.431798
CCOC(=O)c1cccnc1-c1ccc2[nH]ccc2c1,1.565848
O=C1CC2(CCN(C(=O)NCc3ccccc3)CC2)Oc2ccccc21,0.61595
CN1CCN(c2ccc(NC(=O)c3ccccc3Cl)nc2)CC1,1.660486
O=c1c(N2CCCC2)c(Cl)cnn1-c1ccccc1,1.233757
O=C(Cc1cccc2ccccc12)NCc1ccc(N2CCCC2=O)cc1,1.149835
COc1ccncc1NCc1ccc2c(c1)OCCO2,1.492621
Cc1oc(C)c(C(=O)NCC#Cc2ccccc2)c1C,1.681422
Cc1cc2cc(C(=O)N(C)CCC(=O)O)oc2cc1C,1.672375
Cc1ccc(NC(=O)CN2CCCC(c3nc4ccccc4o3)C2)cc1C,1.0
O=c1[nH]c2ccccc2n1C1CCN(CCc2ccncc2)CC1,1.810904
CC(=O)Nc1cccc(OC(=O)N2CCOCC2)c1,1.753813
CN(C)CCn1ccc2cc(NC(=O)c3ccc(=O)[nH]n3)ccc21,1.728435
CC(C)(C)CC(=O)N1CCC(OCCCN)CC1,1.704579
Fc1ccccc1CN1CCN(c2ncccn2)CC1,1.558709
CC1CCC(NC(=O)c2oc3ccccc3c2C[S+](C)[O-])CC1,1.837273
Cc1noc(-c2ccc(NC(=O)Cc3ccccc3)cc2)n1,0.899821
CN1CCc2ncnc(N3CCCN(c4nccs4)CC3)c2C1,1.635986
CCCn1cnnc1Cn1ccnc1-c1ccc2occc2c1,1.456821
Cc1cc(C(=O)NCC2CC2)n2nccc2n1,1.702344
CN1CCN(C(=O)C2(NC(=O)c3cc(Cl)c4c(c3)OCO4)CCCC2)CC1,1.897682
Cc1nc2cc(NC(=O)CCc3c(C)noc3C)ccc2o1,1.59251
CCCNC(=O)C1(Cc2ccccn2)CCOCC1,1.930745
CNC(=O)c1cnc(/C=C/c2csc(-c3cccs3)n2)s1,0.948413
Cc1noc(C(C)C)c1C(=O)Nc1ccccn1,1.765445
Cc1noc(-c2ccc(-c3ccc(CC(=O)O)cc3)cc2)c1NC(=O)O[C@H](C)c1ccccc1Cl,1.017033
O=C(NCCc1ccc2c(c1)OCO2)N1CCc2sccc2C1,1.658488
Cc1nccc(-c2cccc(NCC(=O)NCC(=O)N3CCCC3)c2)n1,1.842297
COc1cc(-c2ccc(C)s2)cc2c1OCCN(c1noc(C)n1)C2,0.478566
O=C(Nc1ccc2ccccc2n1)c1ccc(N2CCOC2=O)cc1,0.454845
O=C(O)c1ccc(Nc2ncc3c(n2)-c2ccc(Cl)cc2C(c2c(F)cccc2F)=NC3)cc1,1.673021
Cc1ccc(-c2cc[nH]c(=O)c2C#N)cc1,1.068186
Cc1cn(CCN2CCN(c3ccccc3-c3cc(C#N)cc(C(=O)NCCCN4CCCC4)c3)CC2)c2ccccc12,1.501059
CCn1cnnc1C1CCCN(c2ncnc3sc(-c4ccccc4)cc23)C1,1.540955
O=C(c1sc(N2CCOCC2)nc1-c1ccccc1)N1CCCCC1,1.766115
O=C(NC1CCCCC1)N1CCc2nc3ccccn3c(=O)c2C1,1.698535
Cn1c(=O)n(Cc2cccc(OC(F)F)c2)c2cnccc21,1.690993
COCCNc1ncnc2ccsc12,1.610128
c1cnc(N2CC(c3nc4ccccc4[nH]3)C2)nc1,1.54444
c1ccc2c(c1)nnn2Cc1ccc2c(c1)OCO2,-0.017729
Cc1noc(-c2ccccc2C(=O)O)n1,1.547405
COc1ccc(CNC(=O)c2cc(-c3cncc(C)c3)ncc2-c2nccs2)nc1OC,0.993877
CC(C)(C=C(C#N)C(=O)N1CCC[C@@H](n2nc(-c3ccc(Oc4ccccc4)cc3F)c3c(N)ncnc32)C1)N1CCN(C2COC2)CC1,1.553276
O=C(O)c1c2ccccc2nn1Cc1ccccc1,1.570193
CS(=O)(=O)NCCc1ccc2c(c1)OCCO2,1.507586
O=C(Nc1ccc(N2CCOCC2)nc1)N1CCc2sccc2C1,1.410777
O=C(c1ccccn1)N1CCCC(c2cccc(-c3cccc(Cl)c3)n2)C1,1.476397
Cc1ncccc1CNc1nnc(C(C)(C)C)s1,1.612042
CCOc1ccc(-c2ccccc2NC(=O)COC)cc1,1.571243
Cc1cc(Oc2ncccn2)ccc1NC(=O)c1c(C)oc(C)c1C,1.740047
Cc1nc(-c2ccccc2)c(C(=O)Nc2ccc(Cl)c(C(F)(F)F)c2)s1,-0.376751
Cc1nccc(-c2ccc(-c3noc(CN4CCOCC4)n3)cc2)n1,1.785686
CCN(CC)Cc1ccc2cc(COC(=O)Nc3ccc(C(O)=NO)cc3)ccc2c1,1.891872
COCc1cccc(NC(=O)c2cn(C)c3ccccc23)c1,0.569374
Cc1ccc(-c2noc3nc(C)cc(C(=O)O)c23)cc1,1.871047
N#Cc1ccc(N2CCc3c(ncn3C3CC3)C2)nc1,1.658202
COc1ccc(-c2ccc(CNc3ccc(CN4CCC(C)CC4)cc3)cc2)cc1,1.167317
Nc1nc(N)c2c(Cl)c(Br)ccc2n1,1.391112
CN1CCc2nc(NC(=O)c3ccc(Cl)s3)sc2C1,1.68842
O=C(Nc1ccn(Cc2ccc(O)cc2C(F)(F)F)n1)c1c(F)cccc1F,1.63799
CCc1cnc(CN2C(=O)NC3(CCC3)C2=O)o1,1.510143
COc1cccc(CC(=O)Nc2ccc3nc(C)sc3c2)c1,1.718834
Oc1ccc(-c2noc(-c3cccnc3)n2)cc1,0.701568
Cc1cc(NC(=O)CCc2c(C)nn(C)c2C)no1,1.704751
NC(=O)C1(Cc2ccc(-c3cccnc3)cc2)CCN(Cc2cccc(Cl)c2)CC1,1.922985
O=C1NCCCCC1NC(=O)N1CCc2sccc2C1,1.695482
Cc1ccc(CNC(=O)c2cccs2)cn1,1.718751
CCc1noc(-c2ccc(CCN)cc2)n1,1.644242
CCC(CC)NC(=O)c1cc(C)nc2onc(C)c12,1.658298
Cc1cccc(OCC(=O)Nc2ccc3c(c2)C(=O)N(c2ccccc2)C3=O)c1,-0.387216
CC(C)(C)n1ncc(OCc2ccc(OCCOCCO)nc2)c(Cl)c1=O,1.512151
Cc1ccc(-c2n[nH]c(-c3ccncc3)n2)cc1,1.301247
COc1cccc(CN2CCC(Cc3ccc(-c4cccnc4)cc3)(C(N)=O)CC2)c1,1.848805
Cc1cccc(CNc2cccc3c2CCN(S(C)(=O)=O)C3)c1,-0.455932
O=C(CN1CCCC(c2cccc(-c3cccc(Cl)c3)n2)C1)N1CCCC1,1.738384
O=C(Nn1cnc2ccccc21)c1c2c(nc3ccccc13)CCC2,1.753277
CN(Cc1cccc(C#N)c1)c1cnc2ccccc2n1,1.073718
Cc1ccc(C)c(NC(=O)CN2CCCN(c3ccc(C(F)(F)F)cn3)CC2)c1,1.077368
COc1cc(CNCCN2CCOCC2)cc(Cl)c1OCc1ccccc1,1.728435
Nc1ncnc2c1ncn2[C@@H]1O[C@H](CO)[C@@H](O)[C@@H]1O,1.737987
CN1CCC(n2ncc3[nH]c(-c4ccc5ccccc5c4)nc32)CC1,1.624282
Clc1cc2c(NC3CCCC3)nnc(-c3ccncc3)c2cc1Cl,-0.721246
N#Cc1cc2c(nc1SCc1cccnc1)CCCCCC2,-0.657577
CON(C)C(=O)c1cc(C)ccc1NS(C)(=O)=O,1.522314
CCC(=O)NCc1cc(C2CC2)n(C2CCCC2)n1,1.39794
CCCn1ncnc1-c1ccccc1SC,1.298416
COc1ccc(/C=C/C(=O)c2c(C)nc3ccccc3c2N)cc1,1.597476
N#Cc1cccnc1NCCc1cn2c(n1)CCCC2,1.719497
CCc1c(N)cnn1-c1ccccc1C,1.569842
Cc1ccc(C)c(S(=O)(=O)N2CCCN(CCn3cccn3)CC2)c1,1.483872
O=C(NCc1ccc(F)cc1)C1CCN(C(=O)/C=C/c2ccc(F)cc2)CC1,0.481443
Cc1ccc(S(=O)(=O)N2CCCC(C(=O)NC3CCOCC3)C2)cc1,1.733598
O=C(O)c1cnc(/C=C/c2csc(-c3ccsc3)n2)s1,1.889358
CC(Oc1ccc(Cl)cc1)C(=O)N1CCC(n2c(=O)[nH]c3ccccc32)CC1,1.461649
NCC(=O)Nc1ccc2[nH]c(=O)[nH]c2c1,2.018076
O=C(CCn1cc(Br)cn1)Nc1nc2ccccc2n1CCN1CCOCC1,1.62634
Cc1nccc(C2(C)CCN(CC(N)=O)CC2)n1,1.776338
CC(C)N1CCC(O)(c2ccccc2F)CC1,1.617734
CN(C)S(=O)(=O)Nc1ccc2sncc2c1,1.729165
N#Cc1cccc(CN2CCN(CCO)CC2)c1,1.466868
CCN(c1cc(-c2ccc(CN3CCOCC3)cc2)cc(C(=O)NCc2c(C)cc(C)[nH]c2=O)c1C)C1CCOCC1,1.691965
O=C(Nc1nc2ccccc2[nH]1)c1ccccc1,0.217484
Cc1ccc2c(CC(=O)NCc3cccs3)coc2c1,0.786751
O=C(Cn1nc2n(c1=O)-c1ccccc1C1=NCCN12)N1CCc2ccccc21,0.762679
CNc1nc(-c2cc(OC)cc(OC)c2)ncc1F,1.408749
Clc1snnc1CN1CCCN(c2nc3ccccc3[nH]2)CC1,1.449633
C=CC(=O)N(C)CCOc1c(N)ncnc1-c1cc(F)cc(NC(=O)c2ccc(C3CC3)cc2F)c1C,1.770115
Cc1cc2nc(CCC(=O)N3CCC(c4ccc(C(=O)N(C)C)c(N)n4)CC3)[nH]c2cc1C,1.598353
C[C@@H](c1ccc(F)cc1)n1nnc2cnc3ccc(-c4ccc5ocnc5c4)cc3c21,-0.327902
C=CC(=O)N1CCC(CNc2ncnc(N)c2-c2ccc(Oc3ccccc3)cc2)CC1,1.004321
CNC(=O)Cc1csc(-c2ccc(C)cc2)n1,0.608526
CCc1nc(COc2ccccc2Br)no1,1.341237
O=C(CSc1nc[nH]n1)N(C1CCCCC1)C1CCCCC1,1.552425
CN(Cc1ccccc1Br)C(=O)Nc1ccc(C(=O)N2CCCC2)cc1,1.841297
Cc1csc(CN(C)c2ccnc(N(C)C)n2)n1,1.660771
Cc1ccc(CN(C)c2ncnc3c2cnn3C)o1,1.612042
Cc1cccc(OCCn2c(N)nc3ccccc32)c1,1.592399
Cc1ccc(F)cc1CNc1cc(C(=O)N(C)C)ccn1,1.676053
CN(C)c1cccc(C(=O)N2CCCC(c3cccc(-c4cccs4)n3)C2)c1,0.322219
Cc1ccc2cccc(OCC(=O)N(C)c3ccccc3)c2n1,1.740126
COc1cc(F)ccc1-c1ncnc(Nc2cccc(C[S@@](C)(=N)=O)c2)n1,1.729974
CCC(CC)NC(=O)c1ccc(C#N)c(C)n1,1.723784
CCn1nccc1-c1cc(CC2CCNCC2)ncn1,1.571359
COc1cccc2cc(C(N)=S)/c(=N/Nc3ccccc3)oc12,-0.346787
CN(Cc1nc(N)c2ccccc2n1)Cc1ccc(F)cc1F,1.634175
Cc1cccc(N(C)C(=O)COC2CCCC2)n1,1.775392
CN(C)C(=O)c1ccc(NC(=O)c2cccc(F)c2)cc1,1.666986
CC(C)c1cc(CN(C)Cc2c[nH]nc2-c2ccc(F)cc2)no1,1.34733
COc1cc2c(NC3CCN(C(C)C)CC3)nc(N3CCC(F)(F)CC3)nc2cc1OCCCN1CCCC1,1.811709
O=C(C1CCC(O)CC1)N1CCCN(c2ccc(F)cc2)CC1,1.906874
O=C(Nc1ccccc1)c1sc(N2CCOCC2)nc1-c1ccccc1,-0.585027
CC(=O)NCc1ncc(-c2ccccc2C(=O)O)cn1,1.773786
Cc1nc(CC(=O)NCc2ccccc2)cs1,1.414973
CCN1CCc2nc(NC(=O)Cc3ccc(Cl)cc3)sc2C1,1.668013
CCOc1nc(-c2ccc(Cl)c(Cl)c2)n(-c2cccc(NC(=O)c3ccc(F)cc3)c2)n1,-0.60206
CCOC(=O)N1CCC(Nc2nc3ccccc3s2)CC1,1.691965
FC(F)(F)c1nccc(NCCSc2nc3ccccc3o2)n1,1.651956
COc1ccc(/C=C/C(=O)c2c(C)nc3ccccc3c2N)c(OC)c1,1.60874
C=CCN(Cc1cccnc1)c1nc(C)nc2sccc12,1.658298
CCCCc1c(C)[nH]c2nc(N(Cc3cccs3)C(C)=O)nn2c1=O,1.591065
CCn1cc(NC(=O)c2ccccc2C)cn1,1.507451
Cc1cccc(NCC2CCN(C(=O)c3ccccc3)CC2)n1,1.454692
Cn1ccc(CN2CCC(c3cnccn3)CC2)n1,1.69897
CC(C)COc1cc(F)cc(-c2cncc(C(=O)N3CCCC3)n2)c1,-0.154902
O=C(Nn1cnc2ccccc21)c1cc(Cl)ccc1F,1.60455
Cc1ccc(-c2ccc3c(ccc4sc5c(c43)NC[C@@H](C)NC5=O)n2)cn1,-0.69897
CCNC(=O)N1CCc2nc3ccc(F)cn3c(=O)c2C1,1.76095
CN(CC(=O)NC1CC1)C(=O)C1C2CC3CC(C2)CC1C3,1.705693
N#Cc1cccc(CN2CCOC[C@H](O)C2)c1,1.324488
Nc1ccnn1Cc1ccc(Cl)c(F)c1,1.613525
CCc1nc2ccccc2n1CC(=O)Nc1ncc(C)s1,1.691965
Cc1ccc(-c2noc(CCC(=O)N3CCCC3(C)C)n2)cc1F,1.610873
Cc1cccc(-n2c(CNc3ccc(F)cc3)n[nH]c2=S)c1,1.700358
O=C(CSc1ccc(F)cc1)N1CCCC1,1.558469
CN(CCC#N)Cc1cc(C#N)ccc1F,1.49693
COc1ccc(Nc2nc(N)nc(CN3CCN(Cc4ccccc4)CC3)n2)cc1,1.813648
O=C(Nc1ccc2c3c(cccc13)CC2)c1ccnc(-n2cncn2)c1,1.0306
COc1cc(NC(=O)c2ccc(F)cc2C)ncn1,1.197556
CCONC(=O)c1cnn(-c2cccc(Cl)c2)c1,1.613102
COc1cncc(-c2ccnc3[nH]ccc23)c1,1.380211
Cc1nc(C)c2c(C)c(C(=O)N(C)Cc3ccc(C)o3)sc2n1,1.574031
Cc1ncc(CN2CC[C@@H](Nc3cncc(Cl)n3)[C@@H](C)C2)s1,1.722634
Fc1ccc(F)c2c(NCc3ccc(N4CCOCC4)nc3)ccnc12,1.645226
Cc1noc2nc(-c3ccccc3F)cc(C(=O)O)c12,1.592288
CNC(=O)c1cccc(Oc2ncnc3c2CN(C)CC3)c1,1.670988
CCC(Nc1cnn(C)c1)c1ccc2c(c1)OCCO2,1.576341
Cc1sc2nc(CN3CCOCC3)nc(N3CCN(c4ccncc4)CC3)c2c1C,1.884059
Fc1cncc(-c2cnc(NCc3ccc(Cl)c(F)c3)nc2)c1,0.50515
NCc1cccc(C(=O)N2CCCC2)c1,1.404834
CCOC(=O)N1CCC(C(=O)Nc2cccc(C)c2)CC1,1.750354
CCNC(=O)c1ccnc(-c2ccc(F)c(C)c2)c1,1.452706
CCn1ncnc1-c1[nH]cnc1-c1ccccc1,1.362294
CC(=O)Nc1cccc(CN2CCCN(C(C)=O)c3ccccc32)c1,1.471585
Cc1cc(N(C)C)nc(N(C)Cc2csc(C)n2)n1,1.67532
N#Cc1cc(F)c(NS(=O)(=O)c2c[nH]c3cc(Cl)ccc23)cc1F,1.820201
CN(CC(=O)Nc1ccncc1)C1CCCC1,1.610554
CCN(CC)CCCNc1c2c(nc3ccccc13)CCC2,1.405688
Cc1ccc(C2=NC3(CCN(Cc4ccc(F)cc4)CC3)NC2=O)cc1,1.104487
COc1ccc(CC(=O)N2CCc3[nH]c4ccc(Cl)cc4c3C2)cc1OC,0.826075
CC(C(=O)N1CCCC1)N1CCC(n2c(=O)[nH]c3ccccc32)CC1,1.609061
CN(C)S(=O)(=O)Nc1ccc(-n2ncc3ccccc32)cc1,1.589838
COc1ccc(-c2ccccc2)c(NS(=O)(=O)c2cc(O)c(Cl)cc2Cl)c1,1.440279
c1ccc(-n2cc(CNc3ncccn3)cn2)cc1,1.613947
O=C1NCC2(C/C=C\CCOc3ccccc31)CCN(C(=O)c1ccc3[nH]nnc3c1)CC2,1.388101
O=C(NCc1cnn(-c2ccccc2)c1)C1CCC1,1.501196
CN(C)Cc1csc(-c2nccn2-c2ccc3c(c2)n(C)c(=O)n3C)c1,1.497483
CCOc1cc2nn(CCC(C)(C)O)cc2cc1NC(=O)c1cccc(C(F)F)n1,0.550228
Cc1ccc(C)c2c(=O)cc(CN3CC(c4ccccn4)C3)[nH]c12,1.765818
Cc1cc2occ(CC(=O)NC3CCN(C)CC3)c2cc1C(C)C,1.536811
Brc1cnc2ccccc2c1,-0.033858
O=C(Nc1cccc(-c2nncn2C2CC2)c1)c1cc(-n2cnc(C3CC3)c2)ccn1,1.653213
Cn1cc(C(=O)O)c(-c2cccnc2)n1,1.610873
CN(C)c1n[nH]c(-c2cccc(-c3ccccc3)c2)n1,-0.091515
O=C1CC[C@H](O)[C@@H](c2cccc(Cl)c2)N1Cc1ccccc1,2.073718
CCc1nnc(NC(=O)Cc2cccc(F)c2)s1,1.08636
Fc1ccc(Nc2nc(N3CCCCC3)c3nccnc3n2)cc1,-0.920819
Cn1cc(NC(=O)c2ccc(OCC3CCOCC3)nc2)cn1,1.699491
Cc1cc(C)nc(Nc2ccc(C3CCCN(CC(=O)N4CCCC4)C3)nc2)n1,1.823637
COc1ccc(C(=O)c2ccccc2)c(Oc2nc3c(c(=O)n(C)c(=O)n3C)n2C)c1,1.693199
CCc1cc2c(N(C)CCO)ncnc2s1,1.611405
COC1CCC(C(=O)c2ccc3nc4c(cc3c2)CCCO4)CC1,1.648458
O=C(Cc1cccs1)NCc1ccccc1F,1.541454
CC(C)(C)C[C@@H]1COCc2nc(OCc3ccccn3)cc(=O)n21,1.793092
C=CC(=O)Nc1cccc(Sc2nc(Nc3ccc(N4CCN(C)CC4)cc3)ncc2Cl)c1,-0.39794
CC1CCN([C@H](c2ccc(F)cc2)c2ccc(C(C)C(=O)O)cc2-c2ccc(C(F)(F)F)cc2)CC1,1.596927
Cn1nccc1CC1CCN(C2CCCC2)CC1,1.417638
N#Cc1cnn(-c2ccc(F)cc2)c1N,1.464788
Cc1cc(F)ccc1NC(=O)c1cccc2cccnc12,-0.356547
CC(C)(O)CNc1nc(Nc2ccnc(C(F)(F)F)c2)nc(-c2cccc(C(F)(F)F)n2)n1,-0.853872
Fc1cccc(OC2CCN(Cc3nc4ccccc4[nH]3)CC2)c1,1.739256
c1ccc(Cc2cccc3cc4c(nc23)OCCNC4)cc1,1.67961
O=C(NC[C@@H]1CCN(c2ccccc2)C1)N1CCc2ccccc2C1,1.075547
CN(C)C(=O)C1(Cc2ccccc2-c2ccccc2)CCN(C(=O)C2CCCO2)CC1,1.924796
O=C(NCC1=CCCN(Cc2cc(F)ccc2Cl)C1)c1ccco1,1.577492
CCc1cccc(NC(=O)COC(=O)c2cnc(C)cn2)c1,1.748963
Cc1nnnn1CCN(C)c1ccccc1,1.048053
CC(C)(O)C1O[C@H]2CC[C@@]3(C)[C@@](O)(CC[C@H]4Cc5c([nH]c6ccccc56)[C@@]43C)C2=CC1=O,-0.004365
N#Cc1ccc(CN2CC(n3cccn3)C2)cc1,1.562769
Cc1ccc2oc([C@H]3CCN(Cc4ccc(C#N)cc4)C3)nc2c1,0.732394
CC(C)c1nnc(-c2ccc(-c3ccccc3)nc2)n1-c1cccc2nonc12,1.727785
Cc1ccccc1C(=O)N1CCC[C@@H]1Cn1nnn(-c2cccs2)c1=O,1.690639
COCc1cc(-c2n[nH]c(CCc3ccccc3)n2)ccc1OC,1.396722
CCOC(=O)c1ccc(OCC(=O)c2c[nH]c3ccccc23)cc1,-0.161151
O=C(CCc1nnc(-c2ccsc2)o1)N1CCCc2cc(F)c(F)cc21,0.318063
Cc1cc(C)n(-c2cccc(NC(=O)c3ccc(F)c(F)c3)c2)n1,0.206826
CN(C)[C@@H]1CN(C(=O)c2cc3ccc(F)cc3[nH]2)C[C@H]1O,1.741467
COc1ccccc1-c1nc(-c2ccc(NC(C)=O)cc2)c(C)s1,-0.136677
Cn1cc(-c2nnc(NCc3ccc4ccccc4c3)o2)cn1,1.05038
O=C(CSC1CCCC1)N1CCC(n2ccnn2)CC1,1.591732
CN(C)S(=O)(=O)N1CCC(c2ccc3c(NCc4ccccc4F)[nH]nc3n2)CC1,-0.823909
CC(C)c1ccc2c(c1)[C@H](NC(=O)Cn1ccnn1)CCC2,1.099335
O=C(CCCNC(=O)NC1CCCCC1)Nc1cc(C2CC2)[nH]n1,1.64197
CN(C)c1ncn(-c2cccc(N)c2)n1,1.343606
CCn1c(SC)nnc1C1CCN(C)CC1,1.615108
Cc1nc2ncccn2c1C(=O)N(CC#Cc1ccccc1)C1CCCC1,1.632761
Cc1cccc(C(=O)N(C)CCc2cnccn2)c1,1.482588
COc1ccccc1-c1nc(C(=O)O)cs1,1.737193
Cc1cc(C(=O)O)c2ccc(F)cc2n1,1.394452
Cc1c(C(=O)NCCCN(C)C)sc2ncnc(Nc3ccc(F)cc3OC(C)C)c12,1.372175
CCCNC(=O)c1c(C)nn(-c2ccccc2)c1C,1.487704
c1ccc(OCc2cc(CC3(NCc4cnc5ccccc5c4)COC3)no2)cc1,1.117271
COCCc1nc(-c2cnc(C3CC3)nc2)n(Cc2ccc(F)cc2)n1,1.532372
CCOC(=O)C1CCN(C(=O)c2cc3occc3c(Nc3ccc(F)cc3)n2)CC1,-0.055517
O=C1CN(c2ccc(Nc3nccc(C(F)(F)F)n3)cn2)CCN1,1.710117
N#CC1(C(=O)N2CCN(Cc3ccccn3)CC2)CCCCC1,1.716588
CCCN1CCCN(c2ncccc2C#N)CC1,1.445137
CS(=O)(=O)N1CC(c2[nH]nc3ncccc23)C1,1.522575
CCC(=O)N(C)c1ccccc1C(=O)O,1.56134
Cc1nnc(-c2ccc3occ(-c4ccc([S+](C)[O-])cc4)c3c2)o1,1.651278
COc1cc(Nc2ncc3c(n2)-c2ccc(Cl)cc2C(c2c(F)cccc2OC)=NC3)ccc1C(=O)O,1.863858
Cn1cc(-c2nc(C(=O)Nc3ccc4c(c3)OCCCO4)cs2)cn1,1.531479
CC(C)c1noc(CN(C)C2CCCC2)n1,1.237041
Cc1cccnc1NC(=O)CCn1cnc2ccccc21,1.682145
c1cnc(N2CCC(Cc3ccncc3)CC2)nc1,1.764176
Cc1cc(C)c2c(N(C)CCC(C)C)ncnc2n1,1.573684
Fc1ccc(F)c(-c2nc(C3CCOCC3)nn2-c2cccnc2)c1,1.545431
CSc1ccc(CN(CCO)C(=O)CCc2cccc(F)c2)cc1,1.463146
CN(C)CCN(Cc1ccccc1)C(=O)CCC(=O)Nc1ncc(-c2ccccc2)n1C,1.771955
CC(C)NC(=O)N1CC[C@H](N=C2Nc3cc(F)ccc3N(CC(F)F)c3ccc(Cl)cc32)C1,1.447158
Cn1cc(-c2ccc(-c3cncc(Cl)c3N3CCC4(CCNC4=O)CC3)cc2)cn1,0.49276
COc1cc2cc(N)c(C3CCN(C(=O)C(C)(C)C)CC3)nc2cc1OC,1.724276
Cc1ccc(NC(=O)c2cccc3cccnc23)cc1,0.755875
CN1CCN(C(=O)C2(NC(=O)c3ccc(C(F)(F)F)cc3)CCCC2)CC1,1.881499
O=C(Cc1csc(-c2ccccn2)n1)NC1CCCCCC1,1.058046
COc1ccc(Cc2cccc(C3CCN(C(=O)C4CCCC4)CC3)n2)cc1,1.412124
CN1CCC(C(=O)N2CCC(c3cc(C(F)(F)F)c4c(n3)CCNC4=O)CC2)CC1,1.718502
Fc1ccccc1-c1c[nH]nc1C1CCCN1Cc1ccc2ncccc2c1,1.465383
CCC(=O)N(C)CC(=O)Nc1cccc(F)c1,1.651084
O=C(Nc1ccccc1-n1ccnc1)c1ccc(F)cc1,1.783689
Cn1cc(NC(=O)c2ccccc2C(F)(F)F)cn1,1.576226
CN(C)[C@@H]1CN(C(=O)CCn2cnc3ccccc32)C[C@H]1O,2.179264
CCSCc1nc(N)c2ccccc2n1,1.482731
CC(=O)N1CCCC1C(=O)Nc1cccc(OC(F)F)c1,1.671636
Cc1ccc(CN(C)Cc2c(C)noc2C)o1,1.500099
O=C(c1cc(-c2ccccc2)[nH]n1)N1CCc2ccccc21,-0.075721
O=C(CCc1ccco1)Nc1ccccc1OC(F)F,1.649627
Cc1nc(Cl)cc(Nc2cnn(C(C)(C)C)c2)n1,1.353916
CS(=O)(=O)CCN1CCC(n2c(=O)[nH]c3ccccc32)CC1,1.798305
Cc1ccc(-n2cc(C(=O)NCCN(C)C)nn2)cc1C,1.453624
CC(C)(C)n1ncc(C(=O)N2CCCn3ncnc32)c1C(F)(F)F,1.664454
Cc1ccc(F)c(N(C#N)Cc2nccn2C(F)F)c1,1.65408
O=C(c1ccco1)N1CCCC(C(=O)N2CCc3ccccc3C2)C1,1.843544
Cc1oc2cc(OCC(=O)Nc3nccs3)ccc2c(=O)c1Oc1ccc(F)cc1,-0.30103
CN(C)c1nc(CN2CCOCC2)nc2scc(-c3cccs3)c12,1.757927
COCC(=O)Nc1nc(C)c(C)s1,1.408579
CCc1ccc2nc(C)cc(C(=O)N3CC(c4cccnc4)C3)c2c1,1.594171
O=C(CN1CCCN(c2ccc(C(F)(F)F)cn2)CC1)Nc1ccccc1Cl,1.041393
CCN(C(=O)N1CCC(CC(=O)N2CCN(C)CC2)CC1)C(C)C,1.910251
O=C(CN1CCCc2ccc(F)cc21)N1CCNC1=O,1.654562
O=C(NCC1(c2ccccc2)CC1)c1cccnc1,1.614897
C=CC(=O)Nc1cc(-n2c(=O)ccc3cnc4ccc(-c5ccc(NS(C)(=O)=O)cc5)cc4c32)ccc1C,-0.522879
O=C(C(c1ccccc1)c1ccccc1)N1CCOCC(Cc2ccc3cnccc3c2)C1,1.547775
CNc1nc(N2CCCCC2)nc(N2CCCCC2)n1,1.43072
O=c1c2cccn2c2ccccc2n1CCCN1CCC(c2ccc(Cl)cc2)CC1,1.295567
Cn1cc(CCNC(=O)N2CCCc3c(F)cccc32)cn1,1.628389
c1cc(CC2CCNCC2)c2cccnc2c1,1.71792
CNC(=O)C1CCN(Cc2ncc(-c3ccc(F)cc3)o2)CC1,1.296665
CN1CCC(NS(=O)(=O)C2CN(C(=O)c3cccc(Cl)c3)C2)CC1,1.754348
O=C(NC1CC1)c1cccnc1Oc1ccccc1,1.814514
CCCn1c(=O)n(Cc2ccc(C#N)cc2F)c2ccccc21,1.168497
O=C(Nc1cccc(-c2cnco2)c1)C1(c2cccc(F)c2)CCOCC1,1.626032
COc1cccc(CN2CCN(C(=O)Cc3ccc(C)cc3)[C@@H](C)C2)c1,1.643453
c1nc(Nc2ccc3c(c2)OCCCO3)c2sccc2n1,1.707229
COc1cc(OC)cc(C(=O)Nc2nc3c(s2)COc2ccccc2-3)c1,-0.408935
COc1ccccc1-c1ccc(CC2(C(=O)NC3CC3)CCOCC2)cc1,1.62128
O=C(NCc1cccnc1)c1cnn(-c2ccccc2)c1,1.583199
CCCc1cc(-c2nn3c(C4CCCC4)nnc3s2)n(C)n1,1.129045
CN(Cc1c(F)cccc1Cl)C(=O)C1(C#N)CCCC1,1.547159
COc1ccc2nc(CN3CCC(O)(c4ccc(C)cc4)CC3)ccc2c1,1.472464
Cc1nc(C2CCC(CNC(=O)CN3CCC(c4ccccc4)CC3)CC2)ccc1C(N)=O,1.846028
CC(C)(C)C(=O)N1CCN(C(=O)CCN2CCOC2=O)CC1,1.797268
Fc1ccc(CNc2nnc(-c3ccc4c(c3)OCO4)o2)cc1,0.409933
O=C(CN1CCc2ccccc21)N1CCC(c2nc3ccccc3[nH]2)CC1,1.720159
COc1ccc(-c2csc(CC(N)=O)n2)cc1,1.495544
Cc1nccc(-c2cn(Cc3ccccc3)c3cnccc23)n1,1.527333
CS(=O)(=O)c1cccc(CNc2nc(Nc3ccc4c(c3)CCC(=O)N4)ncc2C(F)(F)F)c1,0.472025
COCc1ccccc1CNc1ccc2cc(C#N)ccc2n1,0.416641
CC(=O)Nc1cc(CCC2CCNCC2)ccn1,1.7074
O=C(NCCCn1ccnc1)N1CCC12CCC2,1.614053
Cc1cc(=O)n(C)c2cc(N3C(=O)CC[C@H](NS(=O)(=O)CC(C)C)[C@H]3c3ccc(Cl)cc3)ccc12,1.647383
c1ccc2c(N3CCn4c(nnc4C4CC4)C3)ncnc2c1,1.63759
Cc1nc(CNC2CCN(C(=O)C3CC3)CC2)cs1,1.62941
Cc1noc([C@@H]2C[C@H](NC(=O)c3ccc(F)cc3)CN2C)n1,1.209515
Cc1cc(NC(=O)Cn2nc(C3CC3)ccc2=O)ccc1Cl,-0.065502
O=C(COc1ccc(F)cc1F)N1CCNC1=O,1.986861
Cn1c(NC(=O)c2ccn(COc3ccccc3)n2)nc2ccccc21,0.763428
CC(C)(C)NC(=O)c1cnc(-c2ccc(Cl)s2)s1,0.041393
O=C(Nc1cccc2cnccc12)c1cccc(F)c1,1.677881
COc1cc(OCc2ccccn2)ccc1C=Cc1cc(C=Cc2ccc3cc[nH]c3c2)[nH]n1,-0.21467
Cc1cc2c(C(N)=O)cccc2n1-c1nc2c(c(NCc3ccccc3)n1)COCC2,1.560863
C[C@@]1(c2ncncc2F)NC(=O)c2cc(-c3cn[nH]c3)ccc21,1.573742
Cc1cc(C)c(-c2csc(NC(=O)Cn3cnnn3)n2)c(C)c1,-0.920819
CNC(=O)c1cccc(Cn2nnc(-c3ccccc3Cl)n2)c1,1.360404
CC(C)(C)c1ccc(CN2CCC(C(N)=O)CC2)cc1,1.679064
CCS(=O)(=O)Cc1ccn(-c2cccc(F)c2)n1,1.6917
Cc1ccc(C(=O)COC(=O)c2cc(=O)[nH]c3ccccc23)cc1,-0.161151
CN(CCC1CCCCC1)C(=O)c1ccon1,1.844601
O=C(Nc1nc2cccc(-c3ccc(CN4CCS(=O)(=O)CC4)cc3)n2n1)C1CC1,1.673021
COC(=O)N1CCCN(C(=O)C(=O)Nc2cccc(C(C)C)c2)CC1,1.76619
Cc1cccn(Cc2cccc(C#N)c2)c1=O,1.489958
COc1cccc(OCCCN)c1-c1cc(Nc2cnc(C#N)cn2)[nH]n1,1.592621
Cc1ccc(C(=O)NC[C@H]2Cn3ccnc3CO2)cc1,1.483302
Cc1c(Nc2ccc3nccnc3n2)cnn1C,1.501333
Cn1cc(C2CCN(CC(=O)N3CCc4sccc4C3)CC2)cn1,1.792252
Cc1cc(C)n(-c2cc(Nc3ccccc3C)ncn2)n1,0.240549
NCCn1cc(NC(=O)c2ccccc2)cn1,1.897957
O=C(CN1CCCN(c2ccc(C(F)(F)F)cn2)CC1)Nc1ccccc1F,1.28892
CSCc1noc(COc2ccc(F)cc2F)n1,1.238046
Cn1cc(-c2ccc3nnc(C(F)(F)c4ccc5ncccc5c4)n3n2)cn1,1.633569
O=C(Cc1ccc(F)cc1)NCCn1cccnc1=O,1.801266
CCCCCN=C(N)NN=Cc1c[nH]c2ccc(OC)cc12,1.479143
CC(=O)N1CCC(c2ccccn2)CC1,1.684127
Cc1ccccc1COC1CN(C(=O)Cn2c(=O)[nH]c3ccccc32)C1,1.654946
O=C(Cn1c(O)ccc1O)Nc1ccc(F)c(F)c1F,1.69897
CC#CC(=O)N[C@H]1CCCN(c2c(F)cc(C(N)=O)c3[nH]c(C)c(C)c23)C1,1.033424
CC(C)c1cccc(CN2C(=O)N(C)C3(CCCCC3)C2=O)n1,1.54444
Cn1nc(C2CC2)c2[nH]c(-c3cccc(CN4CCOCC4)c3)nc21,1.694078
CC1(C)CCN(C(=O)NCCOc2cccnc2)C1,1.599446
Cc1sc2ncnc(N3CCC(C(=O)Nc4ccccn4)CC3)c2c1C,0.267172
NC(=O)C1(Cc2ccc(-c3ccncc3)cc2)CCN(C(=O)Cc2cccc(F)c2)CC1,1.799341
N#CCCN(C(=O)c1sccc1C#N)C12CC3CC(CC(C3)C1)C2,0.892095
CC(C(O)c1ccc(O)cc1)N1CCC(Cc2ccccc2)CC1,1.713826
Cc1c(C(=O)NC2CCN(CC3CCCCC3)CC2)cnn1C,1.689664
O=C(c1cc2ccccc2[nH]1)N1C[C@@H](O)[C@H](N2CCOCC2)C1,1.65887
O=C(CCn1cncn1)N(CC#Cc1ccccc1)C1CCCC1,1.35141
CCONC(=O)Cc1coc2c(C)c(C)ccc12,1.534026
CC(=O)Nc1ccc(S(=O)(=O)NC2=NCN(Cc3ccccc3)CN2)cc1,1.784974
Cc1cc(C)n(-c2ccc(CNC(=O)c3ccc4c(c3)CCO4)cn2)n1,0.586587
CC(C)(C)C(=O)N1CCC(CN2CCCC[C@@H]2CO)CC1,1.699838
Nc1ncc(-c2cccc(C(F)(F)F)c2)c(C2CCCCN2C(=O)c2ccccc2)n1,1.399674
CN1CCC(NC(=O)COc2ccc(C#N)cc2)CC1,1.546296
COc1ccc(CNc2ncc(-c3ccc4c(c3)OCO4)n2C)c(OC)c1,1.6289
COc1ccc(CN2CCc3[nH]c(-c4cccnc4)nc(=O)c3C2)c(C)c1C,0.926342
COc1ccc(Nc2nc3ccccc3c3nncn23)cc1,-0.853872
CCc1nc(CC)n(Cc2nc(C)cs2)n1,1.554731
O=C(NCCc1cccc2cccnc12)C1CCCCC1,1.620136
CC(C)c1cc(NC(=O)Cn2nc(-c3ccccc3)ccc2=O)[nH]n1,0.813581
Cc1nnc(NC(C2CC2)C2CC2)c(C#N)c1C,0.877371
NC(=O)Cn1ccc(-c2ccccc2)n1,1.607348
Cn1c(-c2ccc(F)cc2)cnc1NC(=O)CCC(=O)N1CC(=O)Nc2ccccc21,1.787248
O=C(NCCc1ccc(O)c(O)c1)Nc1ccccn1,1.676602
Cc1nc(-c2cnn(C)c2-c2ccc(C(F)(F)F)cn2)c2c(N3CCC3)ncnn12,1.813848
COc1ccc(-c2c(C)n[nH]c2C)cn1,1.167613
COC(=O)c1ccc(NS(=O)(=O)c2ccc3c(c2)n(C)c(=O)n3C)cc1,1.193125
Cc1ccc(C(=O)O)cc1NS(=O)(=O)c1csc(C(=O)Nc2ccccc2)c1,1.788804
N#CC1(NC(=O)C2CCCCCC2)CC1,1.523096
Cc1cccnc1NC(=O)CCc1ccc(F)cc1,1.580469
Cn1nc(-c2cn(Cc3ccc(CO)cc3)nn2)c2c(Cl)cccc21,1.283301
CSCCc1nc(-c2cc(C)nc3cc(F)ccc23)n(CCO)n1,1.380934
CCCCc1oc2ccccc2c1C(=O)c1cc(I)c(OCCN(CC)CC)c(I)c1,0.565257
C=C[C@H]1CN2CCC1C[C@H]2[C@H](O)c1ccnc2ccc(OC)cc12,1.789581
COc1ccc(Nc2ncnc3sccc23)c(OC)c1,1.603469
CCCn1nccc1NC(=O)c1c(C)noc1C,1.498311
c1nc(NC2CCN(C3CC3)CC2)c2sccc2n1,1.749891
CC(C)n1ccc(C(=O)N2CCS(=O)(=O)C(C)(C)C2)n1,1.666892
CC(c1ccccc1)N1CC(C(=O)N2CCC(n3c(=O)[nH]c4ccccc43)CC2)CC1=O,1.855519
Cn1c(C(=O)N2CCN(CCc3ccccc3)C(=O)C2)cc(=O)n(C)c1=O,1.775902
O=C1NCN(c2ccccc2)C12CCN(CCCOc1ccc(F)cc1)CC2,1.706291
O=C(NCc1ccc(O)c(O)c1)c1ccc2ccccc2n1,1.74351
O=C(NC1CCCC1)C(=O)c1ccc2c(c1)CCC2,1.495128
COc1ccc(CNc2c(-c3ccc(OC)c(OC)c3)nc3cnccn23)cc1,1.670802
O=C(NC[C@H]1CCN(c2ccccc2)C1)N1CCc2sccc2C1,1.2266
CC1(C)O[C@@](C)([C@H]2CC3(CCNCC3)CO2)CC[C@@H]1O,1.629104
CC(=O)Nc1ccc(C(=O)N2CCCCC2c2nc(N)ncc2-c2cccc(Cl)c2)cc1,1.759668
Fc1ccc(NCc2cccc(OCCN3CCOCC3)c2)nc1,1.598024
COc1ccc(F)c(CN2CCC(Cc3noc(C)n3)CC2)c1,1.841422
COc1ccc(CCCNc2nnc(C)o2)cc1,1.405517
CC(C)(C)c1ccc(-c2nc3n(c(=O)c2C#N)CCS3)cc1,0.39794
Clc1ccc2oc(/C=C/c3csnn3)nc2c1,-0.721246
CN(Cc1nnc(C2CC2)n1C)C(=O)C1C2CC3CC(C2)CC1C3,1.666892
Cn1c(=O)c2c(nc3n2CCN3Cc2c(F)cccc2Cl)n(C)c1=O,0.713491
Cc1cc2ccccc2n1CC(=O)N1CCc2ccc(O)cc2C1,1.094471
CN1[C@@H]2CC[C@H]1C[C@H](OC(c1ccccc1)c1ccccc1)C2,1.716838
COc1ccccc1NC(=O)CN1CCCN(c2nc(C)cs2)CC1,1.743902
N=C1/C(=C\c2ccco2)C(=O)N=C2Sc3ccccc3N12,-0.136677
O=C(c1cccnc1)N1CCCC(c2cccc(-c3cccc(Cl)c3)n2)C1,1.555699
O=C(Cc1ccc2ccccc2c1)NCCc1nc2ccccc2[nH]1,1.464639
O=C(Cc1cccc(I)c1)N1CC(CO)C1,1.624282
O=C1N[C@@H]2CCN(C(=O)c3ccc(-c4ccccc4)cc3)C2C(=O)N1c1ccc(F)cc1,1.498311
Cc1ccc(-c2ccc(NC(=O)c3ncoc3-c3ccccc3)cc2)o1,-0.431798
COc1cccc(N(C)CCC(=O)N2CCC(c3ccc(-c4ccc(N)nc4)cn3)CC2)c1,1.672283
Cc1cccc(NCCc2cn3c(n2)CCCC3)n1,1.491362
O=C1N=C(c2ccccc2)N=C1Cc1ccc2c(c1)OCO2,-0.508638
Cc1ccnc(NC(=O)CN(C)C(=O)c2ccc(Cl)cc2)c1,1.801404
CC(=O)c1cnc2ccc(-c3cc(Cl)c(O)c(Cl)c3)nc2c1N[C@H]1CC[C@H](CN(C)C)CC1,-0.522879
Cc1csc(NC(=O)c2cccc(C)c2C)n1,1.052694
Cc1cccn(Cc2cccc(F)c2)c1=O,1.377488
Oc1cccc(/C=C/c2nc3ccccc3o2)c1,-0.154902
CN(C)c1cccc(Cn2ccnc2-c2ccc(O)cc2)c1,1.43377
Nc1nc(N)c2nc(-c3cccc(O)c3)c(-c3cccc(O)c3)nc2n1,0.322219
Cc1ccc(C(=O)NCC#Cc2ccccc2)cn1,1.647969
c1ccc(-c2n[nH]c(C3CCN(c4ccccn4)CC3)n2)cc1,1.536558
COc1cc(OC)c(OC)cc1CNc1ccc(N2CCOCC2)c(C(=O)O)c1,1.46568
CC(=O)N1CCC(c2ccc(C(=O)O)cn2)CC1,1.704151
Cc1ccc(CCNC(=O)c2ccncc2)o1,1.466423
CC(C)(C)NC(=O)NCCn1nc2c(cc1=O)CCCC2,1.676328
O=C(NCCNc1ncccc1C(F)(F)F)c1cnc2ccccn2c1=O,1.823474
Cc1cc(NC(=O)c2cccs2)no1,1.500099
CC(C)c1ccc(NC(=O)c2ccc3nccnc3c2)cc1,0.695482
CON(C)C(=O)c1cccc2c(C)c(C)[nH]c12,1.498724
O[C@@H]1CCCC[C@H]1N1CCC(c2ccccc2)CC1,1.667453
Fc1ccc2[nH]c(CO[C@H]3CN(Cc4ccccc4)C[C@H]3F)nc2c1,1.549003
COc1cc(F)ccc1-c1ncccc1NC(=O)C(C)C,1.539703
O=C1NC2(CCCC2)C(=O)N1Cc1ccccc1F,1.64875
O=C(NCc1ccc(-n2cncn2)nc1)c1csc2c1CCCC2,0.724276
Cc1ccc(-c2nc(CN3C(=O)C(=O)N(C4CCCC4)C3=O)cs2)cc1,-0.585027
O=C(Nc1ccc(Cl)cc1)C(=O)N(C1CCCC1)C1CC1,1.468347
Cc1ccc(S(=O)(=O)Nc2ccc3c(c2)c(C(=O)C(F)(F)F)cn3CC(=O)NC(CC(C)C)C(=O)O)cc1,1.905256
O=C(NCCN1CCC(c2ccccc2)CC1)c1ccc2ncsc2c1,1.64365
Cc1cc(C(=O)Nc2c(C)nn(C(C)C)c2C)c2ccc(F)cc2n1,1.703205
CN1CCN(c2ncncc2-c2nc(-c3ccccc3)no2)CC1,1.751048
Cc1ccc(C(=O)C(=O)Nc2c(C)nn(C)c2C)cc1,1.513218
COC(=O)Nc1ccc(Oc2nc3ccccc3o2)cc1,1.346353
FC(F)(F)c1ccc(Nc2nc3cc(Oc4ccnc(-c5nc(C(F)(F)F)c[nH]5)c4)ccc3[nH]2)cc1,-0.455932
O=C(Nc1ccc(-c2nn[nH]n2)cc1)c1cc(COc2ccc(F)cc2)on1,1.214049
C#CCNC(=O)CCc1c(C)nn(C)c1C,1.784831
C=CCn1cc(CNCc2csc3ccc(Cl)cc23)c(C)n1,1.330414
Cc1cccc(C(=O)NCC#Cc2ccccc2)n1,1.472464
Nc1ccccc1OCCn1ccnc1,1.391993
COc1cc(C#N)ccc1Oc1nc2ccccc2o1,0.939519
Cc1ccc2c(c1)cc(CNCCc1ccccc1)c1nnnn12,1.396722
CC(C)NS(=O)(=O)c1ccc2c(c1)oc(=O)c1cc(S(=O)(=O)NC(C)C)ccc12,-0.327902
C=CC(=O)N1CCC[C@@H](n2nc(-c3ccc(Oc4ccccc4)cc3)c3c(N)ncnc32)C1,0.93399
Cc1noc(C)c1CC(=O)N1CCc2[nH]c3ccc(Br)cc3c2C1,0.11059
O=c1n(CCc2ccncc2)nnn1-c1ccccc1,1.363048
C#CCNC(=O)c1ccc(OC)c(OC)c1,1.429752
N#Cc1c(C2CC2)[nH]c(SCc2cccc(F)c2F)nc1=O,0.322219
CN(C)c1cccc(C2CCN(c3ncccn3)CC2)n1,1.226858
CCc1ncnc(N(C)Cc2ccc(N)nc2)c1F,1.542825
O=C(NCC#CCN1CCc2ccccc2C1)NCc1ccc(F)cc1,1.524656
CSCc1c(C(=O)NC(C)C)oc2ccccc12,1.445604
OCC1CCCCN1Cc1ccc(-c2ccccc2)cc1,1.620136
Cc1nc(=O)cc(C2CCN(c3cnccn3)CC2)[nH]1,1.704922
Cc1cc(C(=O)N(C)Cc2ccsc2)no1,1.533009
CN1C(=O)COc2ccc(NC(=O)CCN3C(=O)COc4ccc(Cl)cc43)cc21,0.176091
CNC(=O)c1cc(-c2ccccc2)no1,1.567732
Cc1cc(C)cc(NC(=O)COC(=O)c2nn(C)c(=O)c3ccccc23)c1,-0.013228
CS(=O)(=O)N1CCc2cc(C(=O)NCCOc3ccc4ccccc4c3)ccc21,-0.356547
O[C@@H]1CO[C@H]2C[C@@H]1Nc1c(-c3ccccc3)cccc12,1.230449
CN(CCN1CCOC1=O)C(=O)c1cc2cc(Br)ccc2o1,1.706974
Cc1ncc2c(n1)CN(CCCc1nc3ccccc3o1)CC2,1.668386
CCONC(=O)c1sc(C)nc1C,1.462398
Cc1nc(CC2CCN(S(=O)(=O)c3cn(C)cn3)CC2)cc(NC2CCCC2)n1,1.774809
COc1ccc(-c2nnc(-c3ccccc3)o2)cc1OC,0.63749
Cn1ncc2c(Oc3cccc(Oc4ccccn4)c3)ncnc21,1.600101
Cc1ccnc(-n2nccc2NC(=O)N2CCCN(C)CC2)c1,1.50147
CC1(c2nnc(-c3cc(-c4ccccc4)[nH]n3)o2)CCOCC1,1.263636
O=C1CCCc2nc(Nc3nc(-c4ccccc4)c4ccccc4n3)ncc21,-0.79588
Cc1nc(NC2(c3cccc(Cl)c3)CC2)c2c(C)noc2n1,1.61679
O=c1c2c(nc3ccccn13)CCN(S(=O)(=O)C1CCCCC1)C2,1.521661
O=C(Cc1ccc(Cl)cc1)NCc1ccncc1,1.712734
CC(=O)N1c2ccccc2CC1C(=O)O,1.525951
COc1cc(Br)c(Nc2nc(-c3c(C)nc4ncccn34)cs2)c(Br)c1,1.463146
Cc1csc(Nc2ccc(C#N)cc2)n1,1.582063
Cc1cc2ncn(CC(=O)NC(C)(C)C)c2cc1C,1.592177
CC(C)c1ccc(NC(=O)Cn2cnc3c2c(=O)n(C)c(=O)n3C)cc1,1.103119
COc1cc2c(cc1OC)CN(C(=O)C1CCCN(C(C)=O)C1)CC2,1.740363
N#Cc1ccc(NS(=O)(=O)c2c[nH]c3nc(Cl)ccc23)c(F)c1,1.117271
COC(=O)Cc1[nH]n(-c2ccc(OC)cc2)c(=O)c1C(C)=NCc1ccc(OC)cc1,0.357935
Cc1ccc(-c2nc3ccccc3[nH]2)cc1NS(=O)(=O)c1ccc(Cl)cc1,-0.552842
Cc1nc2cc(-c3nccn3C)nn2c(NCc2cccnc2)c1C,1.746011
N#C/C(=C\c1cnn(Cc2ccccc2)c1)c1nc(=O)c2ccc(Cl)cc2[nH]1,-0.769551
COc1cc(N2CCN(C)CC2)ccc1Nc1ncc2c(n1)N(C)c1ccccc1C(=O)N2,1.790285
O=C(c1ccc(-n2cccn2)nc1)N1CCN(c2ccccc2O)CC1,1.628389
O=c1cc(CN2CCCCc3ccccc32)[nH]c2ccnn12,1.154424
COc1cccc(CN(C)c2ncnc3c2CN(C)CC3)c1,1.761402
Cc1nc(NCc2scnc2C)n(C)n1,1.442323
Cn1cc(-c2nc(C(=O)Nc3cccnc3-n3cncn3)cs2)cn1,0.282169
O=C(CC1CCCC1)NCc1ccncc1,1.763278
CC/C(=C(\c1ccccc1)c1ccc(OCCN(C)C)cc1)c1ccccc1,0.720159
CC(C)c1noc(CN2CCC(n3c(=O)[nH]c4ccccc43)CC2)n1,1.724276
Cc1nc2cc(C(=O)NCCCN3Cc4ccccc4C3)ccc2[nH]1,1.71958
O=C(c1ccc2[nH]ccc2c1)N1CCCC(c2cccc(-c3ccc(F)cc3)n2)C1,0.371068
CCN(CC)C(=O)c1ccc(NC(C)=O)cc1,1.539076
O=C(CCc1cccs1)Nc1ccc(N2CCOCC2)cn1,1.507721
Cn1c(=O)n(C2CCCC2)c(=O)c2c(F)cccc21,1.414472
Cc1cnc(CS(=O)(=O)C2CCCC2)cn1,1.558709
O=C(c1ccccc1-c1ncc(-c2ccccc2F)o1)N1CCC1,1.639586
Cn1cc(NC(=O)C2CCCCN2C(=O)OC(C)(C)C)cn1,1.827692
Cc1ccnc(NC(=O)C2CCN(CCc3cccs3)CC2)c1,1.81644
Cc1ccc(CNC(=O)CN2CCC(n3nnc4cc(C)ccc43)CC2)cc1,1.479575
N#Cc1cccc(NC(=O)C2CCC2)c1,1.528402
COc1ccc(CCNCc2ccc(-c3ccccc3)o2)cc1OC,1.870813
N#Cc1cccnc1Nc1cnn(Cc2ccccc2)c1,0.570543
Cn1ncnc1COc1nn2c(-c3c(F)cccc3F)nnc2cc1C1CCC1,1.61742
COc1cccc(CC2=NC(c3ccccc3)=NC2=O)c1OC,-0.481486
COc1cccc2c1OC(C)(C)[C@@H]1C[C@H]3CNCC[C@H]3O[C@@H]21,1.727785
CC(=O)Nc1ccc(Oc2ncnc3scc(-c4ccccc4)c23)cc1,0.94939
CCn1c(COC(=O)c2ccc(C)s2)nc2cc(S(=O)(=O)N3CCCCC3)ccc21,0.017033
CCC(=O)NCc1ccnc(N(C)C)c1,1.485011
COc1ccc(S(=O)(=O)CCC(=O)Nc2ccc3c(c2)N(C)C(=O)CO3)cc1,1.79393
COc1cc2c(cc1OC)CN(C(=O)C1CCCN(C(=O)Nc3ccccc3)C1)CC2,1.816241
CCN(C(=O)c1cc(NC(C)=O)ccc1F)C1CCCC1,1.688776
Cc1ccc(C(=O)N(C)C)cc1NS(C)(=O)=O,1.701395
COc1nc(C#N)c(N2CCOCC2)o1,1.647481
Cc1nnc(NCCc2ccc3c(c2)OCO3)c(C#N)c1C,1.350248
O=c1c(-n2ccnn2)c[nH]n1-c1cc(N2CCOCC2)ncn1,1.487138
CCOc1ncccc1-c1cc(Cl)ccc1O,1.356026
O=C(NC1CCCCCC1)c1ccc(CSc2nc3ccccc3[nH]2)cc1,0.432969
COc1cccc2c1Oc1[nH]c(-c3ccccc3)nc(=S)c1C2,-0.455932
Fc1ccccc1-c1noc(-c2ccc(NCCc3cnccn3)nc2)n1,0.741152
CC(C)CCN1CCn2c1nc1c2c(=O)n(C)c(=O)n1C,1.668386
CC(C)(C)c1csc(CCNC(=O)N2CCSCC2)n1,1.839541
CC(=O)N1CCC(CCNc2ccc3ccc(F)cc3n2)CC1,1.664548
COc1ccc(NC(=O)C(C)N2CCCN(c3ccc(C(F)(F)F)cn3)CC2)cc1,1.279895
COc1ccc(NC(=O)CN2CCC(c3cc(-c4cnc(N)nc4)cc(C)n3)CC2)cc1,1.628287
CNC(=O)c1ccc(Nc2ncc(C(F)(F)F)c(NCc3nccnc3N(C)S(C)(=O)=O)n2)cc1,0.278754
COc1ccc2nc(C(=O)Nc3cnc4c(cnn4C(C)C)c3)ccc2c1,-0.823909
CC(C)OC(=O)N1CCC(Oc2ncnc3c2cnn3-c2ccc(S(C)(=O)=O)cc2F)CC1,-0.013228
CC(C)C[C@@H](CO)n1cc(-c2ccccc2Cn2cccn2)nn1,1.230704
O=C(O)c1cc2cc(O)c(O)cc2c(C(=O)c2ccc(O)c(O)c2)n1,1.762378
Cc1nc2cc(C(=O)NCCCc3ccc(F)cc3)ccc2[nH]1,1.680336
Cc1ccc(C)c(OCCN(C)C(=O)c2ccc3c(c2)nnn3C)c1,1.465829
c1cnc(-n2cccn2)c(CNC2CCCC2)c1,1.482731
O=C(c1cc(Oc2cccc(F)c2)nc2ccccc12)N1CCOCC1,1.206556
O=C(Nc1ccccc1)c1c([O-])n(-c2ccccc2)n[n+]1Cc1ccccc1,-0.69897
Cc1cc2cc(C(=O)N(Cc3ccc4c(c3)OCO4)C3CC3)ccc2o1,1.069668
Cc1sc2nc(CN3CCC(C)CC3)nc(N3CCN(c4cnccn4)CC3)c2c1C,1.623146
Cc1nccc(-c2cccc(NCc3cc(C)on3)c2)n1,1.668386
COCC(=O)N1CCN2C(=O)NC[C@H]2C1,1.584331
Cc1ccc(C(=O)C(=O)NC2CCCC2)cc1,1.480007
O=C(NCc1ccc(F)cc1)c1ccccn1,1.541829
Cc1ccc(CN(C)C(=O)c2cn(Cc3ccccc3F)nn2)cc1,1.056905
CN(Cc1cnccn1)C(=O)c1cc(-c2ccc(F)cc2)on1,1.203848
COc1nn(C)cc1C(=O)Nc1cccc(-c2cnc3n2CCC3)c1,1.559308
CNc1nc(C2CCNCC2)nc2c1CN(C)CC2,1.559308
Cc1nc2ccccn2c1CC(=O)NCCCSc1ccccc1,1.626443
CCNc1ccnc(N(C)Cc2nc3ccccc3n2C)n1,1.567849
O=C(NCc1cccc(O)c1)Nc1ccccc1F,1.561578
COc1ccc2c(c1)C=C(CN1CCC(c3cc(-c4ccc(N)nc4)cc(C)n3)CC1)CO2,1.360025
Cc1ccccc1OCCn1c(N)nc2ccccc21,1.608633
Cc1nnc(-c2ccccc2-c2c[nH]nc2C)s1,1.490239
O=C(NCC1(c2ccc(F)cc2)CCOCC1)c1ccccn1,1.698622
O=C(NCC1CC1)c1cncn1-c1ccc(F)cc1,1.717671
CCOC(=O)N1CCN(C(=O)Nc2cccc3c2CCCC3)CC1,1.712902
O=C(CC1CCCC1)NCc1nnc2n1CCC2,1.498586
CC(=O)NC1(c2ccc(F)cc2)CCN(Cc2ccc(OC3CCCC3)cc2)CC1,1.859739
Cc1cc(Nc2ccc3c(c2)oc(=O)n3C)nc(C2CC2)n1,0.727541
N#Cc1ccccc1N1CCC(N)CC1,1.738225
CN(Cc1ccncc1)Cc1cc2ccccc2[nH]c1=O,1.686547
CC(=O)N1CCN(c2nc(C(F)(F)F)nc3sc(C)c(C)c23)CC1,1.710117
Cc1nnc(NCc2cccnc2)c2ccccc12,1.476107
Cc1cccc2cc(C(=O)NCCSc3nccn3C)n(C)c12,1.524915
CCc1cc2c(cc1N1CCC(N3CCOCC3)CC1)C(C)(C)c1[nH]c3cc(C#N)ccc3c1C2=O,1.068186
CN(C)CCOc1ccc(-c2nc(-c3ccc4c(c3)CCC4=NO)c(-c3ccncc3)[nH]2)cc1,0.041393
CN(Cc1ccc(N)nc1)c1ncccn1,1.454997
O=C(Nc1ccc(Cl)cn1)C1(c2cccc(Cl)c2)CC1,-0.481486
C=CC(=O)Nc1cccc(Nc2nc(Nc3ccc(OCCOC)cc3)ncc2F)c1,0.579784
c1ccc2[nH]c(C3CCNCC3)nc2c1,1.750354
Cc1cc(-c2ccc(N)nc2)cc(C2CCN(C(=O)CCCc3ccc(F)c(C)c3)CC2)n1,0.926342
CN(Cc1cscn1)c1nc2c(cc1C#N)CCC2,1.526339
COc1ccc(-c2nnc3nn(C)c(=O)n3c2-c2ccc(OC)cc2)cc1,-0.60206
N#Cc1ccccc1OCc1csc(-c2ncccn2)n1,1.103462
Oc1ccc(O)n1Cc1nc(C23CC4CC(CC(C4)C2)C3)cs1,1.630936
COC(=O)c1c(C)[nH]c(C(=O)N(C)Cc2ccc(OC)c(F)c2)c1C,1.674586
CCN(CC)CCCNc1ncc(-c2cc(C)no2)c(-c2ccco2)n1,1.843544
N#Cc1cc(-c2n[nH]c(-c3ccncc3)n2)ccn1,1.154424
O=C(O)Cc1nc2ccccc2[nH]1,1.002166
NC(=O)c1sc2cc(F)ccc2c1Cl,-0.30103
Cc1nn(C)c2sc(C(=O)N3CCC(C(=O)O)(c4ccccc4)CC3)cc12,1.867644
Cc1ccc2nc3c(c(C(=O)NCc4nnc5n4CCC5)c2c1)CCCC3,1.756636
Cc1ccc2nc(C)c(-c3nc(C)nn3CCO)cc2c1,1.431364
Cc1ccsc1C(=O)Nc1nc2ccccc2s1,-0.537602
O=C(Nc1nc2ccccc2[nH]1)C1CC(=O)N(c2cccc(C(F)(F)F)c2)C1,-0.086186
CC(C)C(=O)Nc1ccc2cnn(C(C)C)c2c1,1.361539
Cc1cc(C)n(-c2ccc(C(=O)NCc3cccnc3)cc2)n1,1.657247
Cc1ccc(-c2ccc(-c3nccn3CCCn3cnnc3)o2)cc1,1.566202
CC(=O)N1CCC(Nc2ncnc3cc(-c4ccc(Br)cc4)sc23)CC1,1.008174
Nc1cncc(-c2ccc(CN3CCCCC3)cc2)c1,1.414305
COc1ccc(C(=O)N2CCCC2)cc1NC(C)C,1.55461
CCc1cc2c(N3CCN(Cc4nccn4C)CC3)ncnc2s1,1.824451
O=C(Nc1cc(C2CC2)[nH]n1)C1CCN(C(=O)COc2ccccc2)CC1,1.628082
O=C(O)c1ccc(COc2ccc(/C=C3\SC(=O)N(Cc4ccc(F)cc4)C3=O)cc2)cc1,-0.004365
Cc1nc(C)c(C)c(NCc2cc(-c3ccc(F)cc3)no2)n1,1.573568
Cc1cccc(N(C)C(=S)Oc2ccc3ccccc3c2)c1,-0.154902
NC(=O)c1ccccc1NC(=O)CN1CCCC(c2nc3ccccc3o2)C1,1.0
COc1cccc(CC2=NC(c3ccccc3C)=NC2=O)c1OC,-0.455932
CCN1CCc2ncnc(N(C)Cc3ccc4c(c3)OCCO4)c2C1,1.58995
NC(=O)Cn1cc(-c2ccc(F)cc2)cn1,1.446692
CC(C)S(=O)(=O)c1ccc2nccc(Nc3ccc4scnc4c3)c2c1,1.585912
COc1nn(C)cc1C(=O)Nc1cccc2cnccc12,1.607455
NC(=O)c1ccc(N2CCCCC2)c(NC(=O)c2ncoc2-c2ccc3ccccc3c2)c1,-0.619789
Cc1csc(NC(=O)c2ccc(-c3ccncc3)cc2)n1,0.369216
COc1ccc(C(=O)Nc2ccc3oc(C)nc3c2)c(OC)c1,1.188647
CC(C)c1nc2c(n1C)CCN(c1ncnc3ccsc13)C2,1.7352
O=C(NC(CO)C(O)c1ccc([N+](=O)[O-])cc1)C(Cl)Cl,1.773786
CC(C)(C)c1nnnn1CC(=O)NC12CC3CC(CC(C3)C1)C2,1.412293
Cc1nnc(NCC(=O)N2CCc3sccc3C2)c(C#N)c1C,1.553883
Clc1ccc(C2(c3ccc(-c4cn[nH]c4)cc3)CCNCC2)cc1,1.267172
Cc1nn(-c2ccc(F)cc2)c2ncc(C(=O)Nc3nc(C4CC4)cs3)cc12,0.728354
Cc1oc(C)c(C(=O)Nc2ccn(C)n2)c1C,1.564666
CCOc1ncccc1-c1nc(C)cc(NC)n1,1.560504
O=C(Cc1ccc2c(c1)CCC2)Nc1nc2ccccc2o1,0.559907
CC(C)(C)Nc1cc(NCC2CCOCC2)c2ncc(-c3ccc(C(=O)NC4CC4)cc3)n2n1,-0.39794
Cn1ccnc1CN1CCN(Cc2ccc(F)cc2C#N)CC1,1.642366
O=C(Cn1c(=O)c2cccn2c2ccccc21)NCCCN1CCCC1,1.718252
COc1ccccc1CC(=O)Nc1ncc(C)s1,0.819544
CC(C)(Oc1ccc(-c2cnc(N)c(-c3ccc(Cl)cc3)c2)cc1)C(=O)O,1.657056
CCN(Cc1nc(=O)c2ccc(Cl)cc2[nH]1)C(=O)COc1ccccc1Cc1ccccc1,0.08636
COc1cccc(-c2nc(C(=O)O)cs2)c1OC,1.576572
Cc1ccsc1-c1nc(CN(C)CCc2cn[nH]c2)c(C)o1,1.746167
Cc1sc(NC(=O)CN2CCOC(C3CCCO3)C2)c(C)c1C,1.784617
Cc1ccc(CNC(=O)c2cccnc2)n1C,1.608526
COc1ccc(CN2CCC(n3c(=O)[nH]c4ccccc43)CC2)cc1F,1.49276
O=C(NCc1cccc(F)c1)c1[nH]nnc1-c1ccccc1,1.321184
CC(C)(C)c1noc(COc2ccccc2C#N)n1,1.610873
Cc1cccc(-c2ncc(CNCc3ccccc3-n3cccn3)cn2)c1,1.349278
CN(C)[C@@H]1CN(C(=O)COc2ccccc2)C[C@H]1O,1.920645
CC(C)Cn1cnc2c1c(=O)[nH]c(=O)n2CC(C)C,1.743039
N#Cc1ccc(OCc2n[nH]c(=S)n2-c2ccccc2)cc1,1.659821
N=C(NC(=O)OCc1ccccc1)c1ccc(CN)cc1,1.485863
Cc1ccc(Cn2nc(C(=O)N[C@@H]3C(C)(C)[C@@H]4CC[C@@]3(C)C4)cc2-c2ccc(Cl)c(C)c2)cc1,0.11059
Cc1cc(C)c(NC(=O)c2cc(Cl)ccc2F)c(C)n1,1.798029
CC1CCN(C(=O)c2[nH]nc3ccccc23)CC1,1.421933
N#CC(=Cc1ccc(O)c(O)c1)C(=O)NCc1ccccc1,1.628695
C[C@@H]1c2nnn(-c3ncc(F)cn3)c2CCN1C(=O)c1cccc(C(F)(F)F)c1Cl,1.548389
NCC(=O)Nc1ccc(-n2nc(C(F)(F)F)cc2-c2ccc3c(ccc4ccccc43)c2)cc1,-0.60206
Cc1ccc(C(=O)Nc2ccccc2C#N)cc1,1.016197
O=C(CN1CCSC1=O)N1CCN(Cc2sc3ccccc3c2Cl)CC1,1.7352
Cc1cnn(C2CN(CC3(O)CCCCC3)C2)c1,1.513218
CN(Cc1ccc(Br)o1)C(=O)CN1CCCC1=O,1.845284
Cc1ccc(C)c(C(=O)Nc2cnc3c(c2)c(C)nn3C)c1,0.367356
NC(=O)Cn1nnc(-c2ccccc2)n1,1.041393
O=C(CC(=O)N1CCCC1)N1CCCC1,1.486572
CCOC(=O)C1(Cc2cc(-c3ccc(F)cc3)no2)CCN(Cc2ccccc2O)CC1,0.841359
CCc1csc(NC(=O)c2ccc3c(c2)nc(C)n3C)n1,1.599665
CC(C)(C)c1ccc(C(=O)Nc2cn3cc(-n4ccnc4)ccc3n2)cc1,0.439333
Cn1cc(NC(=O)c2cn(Cc3ccccc3)nn2)cn1,1.368659
CC(C)(C)c1ccc(C2=NC3(CCNCC3)NC2=O)cc1,1.653695
CC(=O)c1c(C)n(S(=O)(=O)c2ccc(C)cc2)c2ccc(NS(=O)(=O)c3ccc(C)cc3)cc12,-0.275724
CCc1nnc(NC(=O)Cc2c(C)noc2C)s1,1.649237
O[C@@H]1C[C@@H](c2nc(-c3ccccc3)no2)N(Cc2ccccc2)C1,1.619093
COc1ccc(CCn2c(C3CC3)n[nH]c2=O)cc1,1.452553
Cc1cc(N(C)C)nc(-n2cnc(C#N)n2)n1,1.36661
CC(=O)N1CCc2cc(Nc3nccc(C(F)(F)F)n3)ccc21,0.079181
Cc1cc(CN2CCN(c3ncccn3)CC2)on1,1.564548
COc1ccc(N2CCCN(CC3CCN(C(=O)C4CC4)CC3)CC2)cc1,1.775974
CCn1nc(Cc2ccc(OC)cc2)nc1Cc1sc(C)nc1C,1.458336
O=c1sn(-c2cccc3ccccc23)c(=O)n1Cc1ccccc1,-0.39794
CC(C)CC(=O)Nc1cccnc1N(C)C,1.481299
Cc1nc2ccccc2c(N)c1C(=O)/C=C/c1ccccc1,1.617105
Cn1cc(O)n(CCOc2ccccc2)c1=O,1.362671
Cc1nc(NC(c2nccn2C)C2CC2)c2sccc2n1,1.710117
COc1cccc(OC)c1-c1cc(C(=O)NC(CC(C)C)C(=O)O)nn1-c1ccnc2cc(Cl)ccc12,1.955976
CC(C)n1nccc1-c1ncccc1COc1cccc(O)c1C=O,1.578525
CN(C)Cc1cccc(N=C(c2ccccc2)c2c(O)[nH]c3cc(C(=O)N(C)C)ccc23)c1,1.817301
Clc1ccc(Cc2n[nH]c(-c3ccccc3)n2)cn1,1.302764
O=C(CCCc1ccc(F)cc1)N1CCN(c2ccccc2)C(=O)C1,1.692053
Cc1nc2cc(NC(=O)CCc3c(C)nc4c(c(C)nn4C)c3C)ccc2o1,0.968483
NC(=O)Cn1nnc(-c2ccccc2F)n1,1.062582
CCN1C(=O)CCC(C(=O)N2CCc3cc(F)cc(C)c3C2)[C@H]1c1ccncc1,1.846646
COc1ccc(-c2csc3ncnc(Oc4ccc(C)nc4)c23)cc1,0.892651
O=C(CCNc1ncccn1)N1CCc2ccccc2C1,1.54506
O=C(Nc1ccccc1)Nc1ccc(OC(F)(F)F)cc1,-0.09691
COc1ccc(-c2cccc(C3CCCN(CC(=O)Nc4ccccn4)C3)n2)cc1,0.908485
Cc1ccc(NC(=O)c2cc(F)cc(F)c2)nc1,0.876218
Cc1cc(C(=O)NCC2(c3ccccc3)CC2)on1,1.603361
OC(Cn1cncn1)(Cn1cncn1)c1ccc(F)cc1F,1.632693
Cc1ccc(CCNC(=O)N2CC(C)(C)OC(C)(C)C2)cn1,1.614159
O=C(Nc1ccccc1-c1cn2c(CN3CCNCC3)csc2n1)c1cnc2ccccc2n1,0.173186
Fc1ccc(-c2cc(C3CCNCC3)ccn2)cc1,1.613102
Nc1ccc2c(ccn2CC(=O)N2CCOCC2)c1,1.702861
Cc1sc(-c2ccccn2)nc1-c1ccc(NC(=O)C(C)C)cc1,0.149219
C#CCN1CCN(Cc2nc(=O)cc(C(F)(F)F)[nH]2)CC1,1.63266
CCN1CCN(Cc2ccc(Nc3ncc(F)c(-c4cc(F)c5nc(C)n(C(C)C)c5c4)n3)nc2)CC1,0.0
Nc1nc2c3ccccc3oc2c2ccccc12,-0.60206
O=C(NCc1ccccn1)c1ccc(F)cc1Cl,1.593286
CC(=O)N1CCN(c2ncc(-c3cc(C)no3)c([C@H]3CCCO3)n2)CC1,1.836197
Clc1ccc(NCc2ccoc2)nn1,1.33163
Cn1ccc(C(=O)N2CCCC(c3cccc(-c4cccc(Cl)c4)n3)C2)n1,1.426511
CCN(CC)CC(=O)N1CCC(n2c(=O)[nH]c3ccccc32)CC1,1.688865
Cc1cc(C)c(NC(=O)Cn2nnn(-c3cccs3)c2=O)c(C)c1,-0.113509
CCCc1[nH]nc2c1C(C1CC=CCC1)C(C#N)C(=N)O2,0.487138
Cc1ccc2[nH]c(C3CCN(C)CC3)nc2c1,1.757851
CN(Cc1cccc(C#N)c1)Cc1ccccc1C#N,1.467756
CN(NC(=O)c1ccn(-c2ccccc2)n1)c1ccccc1,1.76455
O=C1c2cccc3cccc(c23)C(=O)N1CCN1CCOCC1,1.567144
Cc1ccc(N=Nc2c(Nc3ccccc3Cl)[nH]n(C)c2=O)cc1,-0.30103
Cc1cccc(Oc2ncccc2N)c1C,1.656386
CCN(CC)C(=O)N1CCCN(C(=O)N(CC)CC)CC1,1.686547
Cc1nc2cc(NC(=O)Cc3c(C)nc4ccccc4c3C)ccc2o1,1.3638
Cc1ccc(Cn2nccc2NC(=O)c2ccncc2)o1,1.525951
CC(C)CNc1nnc(SCc2ccncc2)s1,1.680789
CN(Cc1[nH]nc2c1CCCC2)c1nccnc1C#N,1.311754
COCc1nc(C2CCN(CCO)CC2)no1,1.557507
Cc1cccc(OCC(=O)Nc2ccn(C)n2)c1,1.63799
CN=C(NC#N)NCCSCc1[nH]cnc1C,1.619093
Fc1ccc(-c2nnc(CN3CCC(c4c[nH]c5ccccc45)CC3)o2)cc1,0.90309
Cc1cnn(Cc2nc(Cn3cccn3)no2)c1,1.556182
COc1ccc(CNCc2cccc3ccccc23)cc1,1.673942
CCc1ccccc1NC(=O)c1cc(C)nc2onc(C)c12,1.123852
CCn1cc(C2CCN(Cc3ccc(C#N)cc3)CC2)cn1,1.632963
O=C(CCc1ccc2c(c1)OCO2)Nc1cccc2cnccc12,1.650502
c1cnn(-c2ccc(-c3ccc(NC4CC4)nn3)cc2)c1,-0.107905
Cc1ccc(C(N)=O)c(OCc2c(Cl)ccc3cccnc23)c1,-0.21467
COc1ccc2nc(NCc3cnn(C)c3)ccc2c1,1.54133
CC(C)(C)c1cc(NC(=O)c2cccc3c[nH]nc23)[nH]n1,0.25042
Clc1ccc2c(Oc3cccnc3)ncnc2c1,1.598462
CCNC(=O)N1CCC2(CCc3ccccc3O2)CC1,1.824321
CC(=O)N1CCN(CCNC(=O)N2CCc3sccc3C2)CC1,1.746245
O=C(Cc1c(F)cccc1Cl)Nc1cccc2cnccc12,0.320146
Cc1nc(C(=O)NC2CC2)ccc1C#N,1.558349
CN(CCc1ccccn1)C(=O)Nc1nncs1,1.65887
Cc1nc(N2CCc3c(ncn3C)C2)c2c(C)c(C)sc2n1,1.676968
Cc1cccc(O[C@H]2CN(Cc3ccc(OCCCO)cc3)C[C@@H]2O)c1,1.792392
C=CCN(c1ccc(C(=O)OC)cc1)S(=O)(=O)c1ccccc1,0.350248
Nc1ccc(N2C(=O)CCCC2=O)cc1,1.447158
c1ccc(CN2CCn3nccc3C2)cc1,1.184691
CCC(=O)Nc1cccc(C(=O)N2CCN(C)Cc3ccccc32)c1,-0.69897
CN(Cc1ccccc1N1CCCC1)C(=O)c1cccc(Cn2ccnc2)c1,1.789581
CC(=O)N1CCC(Cn2ccnc2-c2cc3ccccc3s2)CC1,1.546666
CCC(=O)NCCNC(=O)c1cc(-c2ccccc2)nc2ccccc12,1.271377
CC(C)C(NC(=O)c1c(F)cccc1F)C(=O)N1CCOCC1,1.705008
COc1ncccc1NC(=O)c1cccc(C)n1,1.378034
CN(C)c1ccc2c(c1)OCCN2C(=O)NCc1cccnc1,1.682326
Cc1[nH]ncc1-c1nn2c(Cc3ccccc3Cl)nnc2s1,0.621176
COc1ccccc1CNC(=O)c1cnc(C2CCN(C(=O)C(C)(C)C)CC2)nc1C,1.842921
Cc1ccc(-c2ccccc2-c2nc3c(cnn3C3CCN(C)CC3)[nH]2)o1,1.606919
COc1ccc(Cc2ncnn2-c2ccc3c(c2)OCO3)c(OC)c1,1.543074
CCOc1ccc(Nc2nc(-c3c(C)nc4ccccn34)cs2)cc1,1.653116
O=C(CCCOc1ccccc1)N1CCCC1,1.4843
CCCC(=O)Nc1ccc(-n2cccn2)nc1,1.655427
Cc1cc(C(=O)Nc2ccc(C)c(C)c2)n(-c2ccccc2)n1,0.594393
CC(C)(C)c1csc(NC(=O)C2CC2)n1,1.465977
CCC(CC)NC(=O)c1ccc2ncsc2c1,1.346549
Cn1cc(-c2cn3nccc3c(-c3cnn([C@]4(CC#N)C[C@@H](C#N)C4)c3)n2)cn1,0.342423
O=C(NC1CCCC1)c1cc(C2CC2)nc2ccccc12,1.269513
CCN(CC)S(=O)(=O)c1ccc2c(c1)CCN2CC(=O)NCc1ccccc1F,1.640581
COc1ccc(NC(=O)c2snnc2C)c(OC)c1,0.564666
Cc1cc(C(=O)NC2CCN(c3nc(-c4cccs4)nc4ccccc34)CC2)on1,-0.017729
Cc1noc(C)c1C(=O)N1CCCN(c2ccc(F)cc2)CC1,1.745075
CCc1cnc(CCNc2cncc(Cl)n2)s1,1.681151
Cc1ccncc1-c1ccc(-c2cc[nH]n2)cc1,1.310906
Cc1ccccc1N1C(=O)c2ccc(C(=O)NC(C)(C)C)cc2C1=O,1.698188
CSCc1csc(NC(C)=O)n1,1.444981
NC(=O)Cc1nc(-c2ccc(Cl)cc2Cl)cs1,1.613313
O=C(c1ccccc1-n1cccn1)N1CCN(Cc2cccnc2)CC1,1.735439
O=C(Nc1ccc2c3c(cccc13)CC2)c1ccc(-n2cncn2)cc1,-0.744727
Cc1ccc(NC(=O)c2c([O-])n(-c3ccc(C)cc3)n[n+]2Cc2ccccc2)cc1,-0.677781
O=C(CCc1ccc2c(c1)OCO2)Nc1nc2c(s1)CCC2,1.062582
O=C(NC1CC1)c1cccc2cccnc12,1.528788
O=C(NCC1CCC1)c1ccc(-n2ccnc2)nn1,1.533264
c1ccc(C(c2ccccc2)c2noc(Cn3cnc(C4CC4)n3)n2)cc1,1.419791
Cc1ccc(C)c(CN2C(=O)C(=O)N(CC(C)C)C2=O)c1,0.243038
Cc1cncc(C2CCN(Cc3cnccn3)CC2)n1,1.83123
O=C(Nc1ccn(Cc2ccccn2)n1)c1c(F)cccc1I,1.786609
CCCc1nc2[nH]c(C)c(NS(=O)(=O)c3ccc(C4CCCCC4)cc3)c(=O)n2n1,1.642465
CCc1nc(NC(=O)c2ccccc2F)sc1C,1.361917
N#Cc1ccc(C(=O)Nn2cnnc2)cc1,1.25479
Cc1noc(C)c1CCC(=O)Nc1cccnc1,1.745933
CN(Cc1cccc(C#N)c1)C(=O)CC(C)(C)C,1.476397
CCc1nc(C)cn2nc(-c3cc(=O)n4cc(C5CCN(C)CC5)cc(C)c4n3)cc12,1.247359
Cn1c(CNc2ccc(C(=N)N)cc2)nc2cc(C(=O)N(CCC(=O)O)c3ccccn3)ccc21,0.691081
Cc1cnc(NC(=O)Cc2coc3cc(C)c(C)cc23)s1,-0.49485
Cc1ccccc1-c1nc(Cn2ccnc2C(C)C)c(C)o1,1.690285
CC(=O)NCC1CCN(C(=O)c2cncn2-c2ccc(F)cc2)CC1,1.665581
COc1ccc(-c2[nH]c3ncccc3c2CN(C)CCOc2ccccc2OC)cc1,-0.522879
CCOc1ccc(Nc2ncccc2C#N)cc1,0.965202
O=C(c1ccccc1)N1CCn2c(c(O)n(Cc3ccccc3)c2=O)C1,1.794488
O=C(c1ccncc1)N1CCC(c2cnccn2)CC1,1.786467
O=C(CN1CCCC(c2ccc3c[nH]nc3n2)C1)N1CCCC1,1.580069
O=C(NCc1ccc(O)cc1)Nc1ccncc1F,1.577836
COc1ccc2c(c1)CN(C(=O)c1cc(C3CC3)[nH]n1)CC2,1.134814
Nc1nccc2ccc(-c3cccc(F)c3)cc12,0.477121
CNC(=O)c1ccc(N(C)C2CCC2)nn1,1.674586
CNC(=O)c1ccc(-c2nnc(-c3cccc(C)c3)o2)cc1,-0.677781
O=C1C(N2CCC(n3c(=O)[nH]c4ccccc43)CC2)CCN1c1ccccc1,1.792742
CN(Cc1cnn(C)c1)C(=O)c1ccccc1-c1ccccc1C#N,1.606704
Cc1cnc(NCc2ccccc2-n2ccnc2)nc1N(C)C,1.717837
COc1ccc(OCC(=O)N2CCN(C)CC2)cc1,1.720573
Cn1cc(NC(=O)c2csc(Cc3ccccc3)n2)cn1,1.538322
O=C(Nc1ccc(F)cc1F)N1CCn2c1nc1ccccc12,0.78533
CCN(CC)C(=O)N1CCC(C(=O)O)CC1,1.779452
CN1CCN(Cc2noc(Cc3ccccc3)n2)c2ccccc21,1.149219
CCOc1cccc(C(=O)Nc2ccc3c(c2)CCC(=O)N3C)c1,0.960946
O[C@@H]1C[C@@H](c2nc(-c3cccnc3)no2)N(CCCc2ccccc2)C1,1.658965
O=C(NCCc1csc(N2CCCC2)n1)N1CCSCC1,1.720986
Cc1ccc(-c2n[nH]c(SCCn3cccn3)n2)cc1,1.338456
Cc1cccc(NC(=O)c2ccc3ccccc3c2)n1,0.068186
c1cc2cc[nH]c2c(CC2CN(C3CCCC3)C2)n1,1.268812
CCCCNC(=O)c1cccc2ncccc12,1.467312
[2H]C([2H])([2H])NC(=O)c1nnc(NC(=O)C2CC2)cc1Nc1cccc(-c2ncn(C)n2)c1OC,1.22981
Cc1nc(-c2cccnc2)sc1C(=O)Nc1ccccc1-c1cn2c(CN3CCOCC3)csc2n1,-0.187087
Cc1ccccc1N(CC(=O)N(C)C)S(C)(=O)=O,1.669596
Cc1nc(CCN2C(=O)NC(C)(C)C2=O)cs1,1.503109
CCNC(=O)N1CCC(c2nc(-c3ccccc3)no2)CC1,1.722552
CCn1c(=O)n(CC)c2cc(N)ccc21,1.574031
CCCn1cc(C(=O)N2CCC(c3[nH]ncc3C(=O)N(C)Cc3ccccc3)CC2)cn1,1.656098
CCOC(=S)SCC(=O)Nc1nc(-c2ccc(C3CCCCC3)cc2)cs1,0.338456
CCN1CCC(N(C)c2ncnc3c2cnn3C)CC1,1.614897
Cc1csc(N(C(=O)c2ccc(-n3cncn3)c(F)c2)C2CC2)n1,1.727053
Cc1nnc(N2CC[C@H](O)C2)c(C#N)c1C,1.494711
COc1ccc(-c2cccc(C3CCCN(C(=O)C4CCCC4)C3)n2)cc1,0.389166
COc1ccc(-c2csc(CC(N)=O)n2)cc1Br,1.57461
CNC(=O)c1ccc(/C=C/c2nc3cc(Cl)ccc3o2)cc1,-0.119186
CNC(=O)CN(C)c1cccc(F)c1C#N,1.532754
O=C(Nc1ccc2c(c1)OCCCO2)c1cnn(Cc2ccccc2)c1,1.217484
CC1(C)Cc2cc(NC(=O)c3cnn4cccnc34)c(N3CCN(CC(F)F)CC3)nc2O1,1.885785
CC(C)Cc1sc(N)nc1-c1ccc(P(=O)(O)O)o1,1.840921
NC(=O)c1cnc(NC2CC2)nc1CCNC(=O)C1(c2cccc(F)c2)CCOCC1,1.888123
CCc1ccc(NC(=O)C2CCN(c3ccc4nncn4n3)CC2)cc1,0.060698
NC(=O)C1(CCCc2ccccn2)CCNCC1,1.587486
Cc1ccc(N2CCN(C(=O)c3c(C)nc4sccn34)CC2=O)cc1,1.78951
O=C(C1CCC1)N1CCC(c2nc(-c3ccc(F)c(F)c3)c[nH]2)CC1,1.756332
COc1cc(F)c(NCC(=O)Nc2ccc(C)cc2)cc1OC,1.678063
N=C(N)N/N=C/c1c(Cl)cccc1Cl,1.701482
Cn1c(-c2ccccc2)cnc1NCc1ccccc1,1.442793
Cc1ccc(CNC/C=C/c2ccccc2)cn1,1.464191
O=C(Nc1nc2c(s1)COc1ccccc1-2)c1cnc(Cl)c(Cl)c1,0.568202
O=C1Nc2ccccc2O[C@H]2CC1N(CC1CC1)C2,1.624282
CCc1ccc(-c2nccn2CC(=O)Nc2ccc(C)cc2F)nc1,1.451326
OCCN1CCC(c2ccncn2)CC1,1.573104
O=C1N=C2C=CC=CN2C12Cc1ccccc1C2,1.572872
O=C(O)c1cccc(N2CCC(Oc3ccc(Cl)cc3)CC2)n1,1.65273
Cc1ccc(C(=O)Nc2ncccc2C)s1,1.577492
CC(C)c1nc2c(n1C)CCN(c1ncnc3ccccc13)C2,1.727948
C=CCNC(=O)C1(Cc2ccc(-c3ccccc3)cc2)CCN(C(=O)c2cccnc2)CC1,0.60206
Cc1nnc(N2CCCSCC2)c(C#N)c1C,1.373464
c1ccc2c(c1)CCN(Cc1nnc3n1CCC3)C2,1.547775
Cc1cc(C)c(CC(=O)N2CC(CO)C2)c(C)c1,1.665956
CCCCCCCC/C(=C\CCCCCCCC(=O)O)[N+](=O)[O-],1.103804
CC(C)c1noc2nc(C3CC3)cc(C(=O)N3CCN(C)C(=O)C3)c12,1.557988
Cc1cc(NC(=O)C2CCOCC2)sn1,1.751818
OCc1ccc(Cn2cc(-c3cc(F)ccc3-n3cccn3)nn2)cc1,1.538322
C[C@@H](CO)Nc1nc(C(F)(F)F)nc2[nH]cnc12,1.60206
Fc1cccc(N[C@H]2CCCN[C@H]2Cc2ccccc2)c1,1.629308
CC(C(=O)N1CCc2sccc2C1)N1CCCN(c2ccccc2C#N)CC1,1.40824
Cc1cc(OCc2cc(C#N)ccc2F)ccc1N,1.405346
O=S(=O)(c1cn[nH]c1)N1CCCC(c2cccc(-c3cccc(Cl)c3)n2)C1,0.161368
Nc1ccc(C(=O)N2CCOCC2)c(Cl)c1,1.581495
CCC1(CC)NC(=O)N(CC(=O)N2CCOCC3(CCCC3)C2)C1=O,1.802158
Cn1c(CNC(=O)Cc2ccccc2)nc2ccccc21,1.650987
c1ccc(-c2nn3c(-c4ccco4)nnc3c3ccccc23)cc1,-0.769551
CC(C)CC(=O)NCC(=O)N1CCCC1,1.788946
C(=C/c1ccccc1)\CNCc1ccc2c(c1)OCO2,1.602819
C=CC(=O)N1C[C@H](Nc2ncnc3[nH]ccc23)CC[C@@H]1C,1.729974
CC(C)(C)c1ccc(=O)n(CC2CN(CC3(O)CCCC3)C2)n1,1.660391
CCN(c1ccc(C(C)C)cc1)S(=O)(=O)c1ccccc1,-0.187087
Cc1ccc(C(=O)N2CCC(Cc3ccccc3-c3ccccc3)(C(=O)N(C)C)CC2)s1,1.376577
O=C(c1ccc(F)cc1)N1Cc2[nH]cnc2C[C@H]1c1nc(-c2ccc(Cl)cc2)no1,1.305351
CN(c1ncccc1CNc1nc(Nc2ccc3[nH]c(O)cc3c2)ncc1C(F)(F)F)S(C)(=O)=O,1.974822
Cc1ccc(C(=O)Nc2nc3ccccc3[nH]2)cc1,-0.070581
Cc1cccc(Cl)c1-n1c(C)n[nH]c1=O,1.207634
N#Cc1cccc(-c2ccc(=O)n3c2C2C[C@@H](CN(Cc4ccc(F)cc4)C2)C3)c1,1.511081
Cc1cccc(OCCCNc2cc(Cn3c(C)nc4ccccc43)nc(N)n2)c1,1.549984
CC(=O)NCCCOc1ccc(CN2C[C@H](Oc3cccc(C)c3)[C@@H](O)C2)cc1,1.652053
CN(C)CCNc1c2c(c(C#N)c3nc4ccccc4n13)CCCC2,1.556303
O=c1[nH]c2nc(N3CCc4ccccc4C3)ncc2c(=O)n1-c1ccccc1,-0.69897
O=C(NCCc1cn2c(n1)CCCC2)c1ccccn1,1.677607
Cc1cc(OCc2ncc(C(C)(C)C)o2)nn1C,1.266937
CC1=NC(Nc2nc(C)c3ccccc3n2)=NC(C)(C)C1,-0.180456
Cc1cc(C)c(NC(=O)c2ccnc(OC3CCC3)c2)c(C)n1,1.557868
CCOC(=O)c1cc2ccccc2n1CC(=O)c1ccc(F)cc1,0.816904
O=C(Cc1ccc2c(c1)OCCO2)NC1CCCCCC1,1.624591
O=C(NCCNC(=O)c1cc(-c2ccccc2)nc2ccccc12)c1ccco1,1.57565
CC(C)c1nc(=O)c2nnn(C[C@@H]3CCCN(C(=O)C(C)(C)C)C3)c2[nH]1,1.642465
CN(Cc1ccc(Cl)cc1)C(=O)c1ccc(-n2ccnc2)nc1,1.813314
Cc1cc(C)n(-c2ccc(CNC(=O)C3CCC3)cn2)n1,1.5989
O=C(Cn1c(-c2ccc(F)cc2)nc2ccccc21)N1CCOCC1,1.736954
CC(C)(CO)NCCCCn1c2ccccc2c2ccccc21,1.50188
COC(=O)c1ccc(NC(=O)N(C)Cc2ccccc2CN2CCCC2)cc1,1.61066
NC(=O)c1ccc(Oc2ccc(C(=O)N3CCCCCC3)cc2)cc1,1.776774
COc1cc(Nc2cc(-c3cccc(C#N)c3)ccn2)ccc1N1CCN(C)CC1,1.660865
CCc1cc(NC(=O)Cc2c(C)nc3nc(SC)nn3c2C)[nH]n1,1.199481
Nc1ncnc2c1c(-c1ccc(Oc3ccccc3)cc1)nn2[C@@H]1CCCNC1,1.601517
CCN(C(C)=O)c1ccc(C)cc1C(=O)O,1.542825
N#CCCN(c1ncnc2sccc12)C1CC1,1.600101
C=CCN(C)CCCCCCOc1ccc(C(=O)c2ccc(Br)cc2)c(F)c1,1.330414
c1ccc(CNc2nn3nnnc3c3ccccc23)cc1,-1.0
COc1cc2c(cc1OC)-c1[nH]nc(NCc3c(Cl)cccc3Cl)c1C2=O,-0.537602
CC(=O)Nc1cccc(OCC(=O)N2CCCCC2)c1,1.627161
O=C(NCCc1c[nH]c2cccc(C3(O)CCOCC3)c12)c1cccs1,1.816241
O=C(NCCc1ccc2c(c1)OCCO2)c1ccc2ccccc2n1,0.985426
Nc1nc(-c2ccccc2)nc2nc(C3CCCN(CC(=O)N4CCCC4)C3)ccc12,1.836166
O=C(NCCc1ccc2c(c1)OCO2)C1CCCC1,1.624179
N#Cc1ccsc1NC(=O)c1ccccn1,0.771587
Cc1nc(NCC(C)(C)c2ccccc2)n(C)n1,1.558709
Cc1n[nH]c(C)c1Cc1ccc(NCCC(C)C)cc1,1.167613
N#CCCCN1CCC(c2c[nH]c3ccccc23)CC1,1.737034
CCCn1c(=O)c2c(nc3n2CCN3c2ccc(C)cc2)n(C)c1=O,-0.823909
CCCCC1=NC2(CCCC2)C(=O)N1Cc1ccc(-c2ccccc2-c2nn[nH]n2)cc1,1.469233
CC(C)(C)OC(=O)N1CCNC(=O)C1,1.535167
C[C@@H](CN1CCC(n2c(=O)[nH]c3cc(Cl)ccc32)CC1)NC(=O)c1ccc2ccccc2c1,0.585461
CC(C)NC(=O)Cn1nnnc1C(C)(C)C,1.366983
N#Cc1cccc(CN2CCOC[C@H](Oc3ccccc3)C2)c1,1.723045
COc1ccc(CCC(=O)N2CCCNCC2)cc1,1.552668
Cc1ccc(C)n1-c1ccc(CNS(C)(=O)=O)cc1,1.383815
CCc1ncc2c(n1)CN(c1ccnc(-c3ccccc3)n1)CC2,1.542576
CN1CCN(c2ccc(NC(=O)c3ccc(S(=O)(=O)N4CCCc5ccccc54)cc3)cc2)CC1,1.005181
COCc1ccc(-c2nc3c(C)nn(C4CCCCC4)c3[nH]2)o1,1.579326
O=C(COc1ncnc2ccccc12)NC12CC3CC(CC(C3)C1)C2,1.780533
CC1(c2cc[nH]n2)CCN(Cc2ccco2)CC1,1.321805
CN(Cc1cccnc1)Cc1ccc(C#N)o1,1.487138
COc1ccc(S(=O)(=O)N2CCC(N3CCC(C)CC3)CC2)cc1,1.75161
CN(C)C1=N[C@@H]2[C@@H](O)[C@H](O)[C@@H](CO)O[C@@H]2S1,1.564666
CC1(C)CC(Oc2ccc(-c3ccc(-c4cn[nH]c4)cc3O)nn2)CC(C)(C)N1,1.11059
O=C(NC1CCCC1)N1CCN(c2nccn3nc4c(c23)CCCC4)CC1,1.232488
Cc1ccc(S(=O)(=O)Cc2nc(-c3ccc(C(=O)NCc4cccnc4)cc3)oc2C)cc1,-0.481486
COc1cc(OC)cc(-n2c(COc3cccc4ccccc34)n[nH]c2=S)c1,-0.552842
CCN(C(=O)N1CCC(OC2CCOCC2)CC1)C(C)C,1.748963
CC(C)N1CC[C@H](c2nnc(-c3cncn3C)o2)C1,1.594282
CC(C)CN1C(=O)C(=O)N(Cc2ccccn2)C1=O,1.593618
CCN1CCC(Nc2nc(C)cc(C)c2C#N)CC1,1.63749
N#CCc1ccc(NC(=O)C2CC2)cc1,1.485011
C#CCNC(=O)CN1C(=O)c2ccccc2C1=O,1.589838
CCc1noc(C2CCC(NCC3CCC(F)(F)CC3)CC2)n1,1.880471
CCOC(=O)CNC(=O)c1ccc(O)cc1O,1.559188
O=C(C1CCCN(c2cnccn2)C1)N1CCc2ccccc2C1,1.725912
Oc1ccc(CN2CCN(c3cccc(Cl)c3)CC2)cc1,0.342423
CC(C)(C)NC(=O)Cn1nc(C(c2ccccc2)c2ccccc2)oc1=O,0.779596
Cc1nonc1C(=O)NCCc1c[nH]c2cccc(C3(O)CCOCC3)c12,1.786751
CC(C)(C)c1nc(Cn2nnc3ccccc3c2=O)no1,1.540204
CCOC(=O)c1ccc(S(=O)(=O)N2CCc3cc(C(=O)OC)ccc32)cc1,-0.080922
N#CCCN(C(=O)c1cccs1)C12CC3CC(CC(C3)C1)C2,0.857332
CCCCOc1ccc(C(=O)NCc2cc(C)on2)cc1,0.623249
N#Cc1cc(-c2ccccc2)sc1N,0.477121
Cc1cccnc1CNc1ccc(C#N)cc1F,1.556182
COc1cccc(-c2nnn(-c3ncnc4sc5c(c34)CCC5)n2)c1,-0.585027
CCOc1ccc(C(=O)Nc2cc(C(=O)OC)ccc2N2CCN(C(C)=O)CC2)cc1,0.382017
O=c1c2cc(OCc3ccc(Cl)cc3)ccc2nc2n1CCCCC2,-0.420216
CCc1nnc(Oc2cccnc2)c(C#N)c1CC,1.484869
CC(=O)Nc1ccc2[nH]c(C)cc(=O)c2c1,1.587711
Cc1ncsc1CN1CCCN(c2nc3ccccc3[nH]2)CC1,1.714916
Cc1cc(C(=O)NCCC2=CSC3=NCCCN23)c2cccc(C)c2n1,1.664078
COc1ccc2cc(=O)n(-c3ccccc3OC)c(O)c2c1,1.605089
CC1CCN(Cc2ccc(NC(=O)c3ccccn3)cc2)CC1,1.61066
CC(C)C(=O)N1CC(Cc2nccc3ccn(C)c23)C1,1.797198
COc1cc(CNc2nc3ccccc3nc2C)ccn1,1.428459
Cc1ccc(C2(O)CCN(Cc3cn(C)c4ccc(F)cc34)CC2)cc1,1.696182
N#CC1(NC(=O)CN2CCOCC2)CCCCCC1,1.653791
CC(=O)N1CCCN(Cc2c(C)nn(C)c2Cl)CC1,1.613842
O=C(NC1(c2ccccc2)CCC1)c1cc(C2CC2)on1,0.944483
CC(C)c1ccc(-c2cc3c(=O)n(CCC(=O)NCCN(C)C)ccn3n2)cc1,1.746089
Cc1cccc(NC(=O)CN2C(=O)N(C)C3(CCCCC3)C2=O)c1C,1.776846
O=C(c1ccccc1)N1CCN(C(=O)c2ccc(-c3ccccc3Cl)o2)CC1,1.543074
O=S(=O)(NCC1C2CC3CC(C2)CC1C3)C1CCOCC1,1.765072
Cc1ccc(-n2c(-c3ccc(O)cc3)n[nH]c2=S)c(C)c1,1.461348
Cc1ccc(NC(=O)Cc2c[nH]c3ccccc23)cc1,0.748188
CC(c1nnc(-c2cccs2)o1)N1CCC(n2c(=O)[nH]c3ccccc32)CC1,1.755112
Fc1ccc(F)c(CN2CCN(Cc3ccc4c(c3)OCO4)CC2)c1,1.429752
O=C(CCn1nnc2ccccc2c1=O)Nc1ccncc1,1.329601
Cc1ccc(NC(=O)CN2CCCN(c3ccc(C(F)(F)F)cn3)CC2)c(F)c1,1.390935
Cc1nc(C)c(CNc2cnn(-c3ccccc3)c2)s1,1.560863
OC[C@H](Nc1cncc(-c2ccc3[nH]ncc3n2)c1)c1ccccc1,1.514149
CCc1ccccc1NC(=O)Cn1nc(C)cc1C,1.645619
Brc1cc2c(cc1Cn1cncn1)OCCCO2,1.536432
Cn1cc(C(=O)O)c(C2CCCCC2)n1,1.526727
CCNC(=O)C1CN(c2nc(C3CC3)nc3c2CCC3)C1,1.653213
Cn1ncc2c(Oc3cccc(C(C)(C)C)c3)ncnc21,0.591065
CSCC[C@@H](CO)n1ccnc1-c1oc2ccccc2c1C,1.864511
COc1cc(CCNC(=O)c2nc3cccc(C)n3c2F)cc(OC)c1,1.596927
CCc1nnc(NC(=O)c2ccc3cc(OC)ccc3n2)s1,0.620136
CCc1nnc2c3ccccc3nc(Nc3ccc(OC)cc3)n12,-0.853872
O=C(Nc1nc2ccccc2[nH]1)C1CC1c1ccccc1,0.041393
Cn1cc(C#N)cc1-c1nc(C2CC2)nn1CCc1ccccc1,1.692318
CCCc1cc(N2CCc3c(nc(C(C)C)n3C)C2)n2ncnc2n1,1.751087
CC(=O)NCCNc1cc(Cl)nn2c(-c3cccc(S(=O)(=O)N(C)C)c3)c(C)nc12,1.66096
CN1CCN(C(=O)c2cc(Br)cnc2Cl)c2cnccc21,1.762228
COC(=O)c1cc(F)c(C)c(NC(=O)CCCc2ccccn2)c1,1.633468
CCN(CC)Cc1cccc(/C=C/c2nc3ccc(F)cc3c(=O)n2-c2ccccc2Cl)n1,1.829368
Cc1csc(N(C(=O)c2cc3c(C)nn(C)c3s2)C2CC2)n1,1.758382
CNC(=O)N1CCc2nc3ccc(Cl)cn3c(=O)c2C1,1.703377
c1ccc2c(c1)CN(c1cnc3ccccc3n1)CCN2,1.399501
Cc1nc(N(C)C)cc(C2(C)CCNCC2)n1,1.653598
Cc1ccc(NC(=O)CN2CCCN(c3ccc(C(F)(F)F)cn3)CC2)cc1,1.11227
Cc1nc(C#N)c(C#N)n1Cc1csc(-c2cccs2)n1,1.50853
CN(C)c1cc(CNC(=O)C2CCOCC2)ccn1,1.614897
O=C(Nc1nc2cc(C(F)(F)F)cc(NC3CC3)n2n1)c1cccnc1,0.041393
Fc1cccc(Cl)c1CNCCc1c[nH]c2ccccc12,1.683767
Cc1ccccc1-n1nc(C(C)(C)C)cc1N,1.651375
Cc1cccc2sc(NC(=O)c3cccnc3)nc12,-0.283997
Fc1cccc(CN2CCN(c3ncccn3)CC2)c1,1.579784
COc1cc(OC)cc(-c2nnc(SCC(=O)Nc3cccc(C(=O)O)c3)s2)c1,1.591065
Cc1cccnc1NC(=O)Cc1coc2c(C)c(C)ccc12,1.873262
Cc1cnc(C(=O)N[C@H]2CCOC[C@@H]2O)cc1Cc1ccc(-c2cscn2)cc1,1.79134
COc1ccc(-c2nc(CN3CCC[C@H](O)C3)no2)cc1,1.566202
CCn1ccc2cc(C(=O)N3CCN(c4ccc(C)cc4)C(=O)C3)ccc21,1.660201
CCCCc1nc2cc(/C=C/C(O)=NO)ccc2n1CCN(CC)CC,1.759668
C#CCN1CCCC1C(=O)Nc1cnn(-c2ncccn2)c1,1.653984
O=C1CSc2ccc(C(=O)Nc3cc(C4CC4)[nH]n3)cc2N1,0.634477
O=C(C1CCCN(Cc2ccc(F)cc2)C1)N1CCc2ccccc2C1,1.699404
Cc1cccc(-c2nc(CN(Cc3cnn(C)c3)C(C)C)c(C)o2)c1,1.331427
O=C(Nc1cccc(Cl)c1F)c1cccc(N2CCCC2=O)c1,0.531479
Clc1ccc(Cc2nc(-c3cccnc3)no2)cc1,1.217484
Nc1nc(-c2ccccc2)c(C(=O)Nc2ccc(Cl)c(Cl)c2)s1,-0.30103
Cc1sc(C)c(C(=O)NC2(c3ccc(C(=O)O)cc3)CC2)c1Cc1ccc(C(F)(F)F)cc1,1.710963
O=C(NC1CCN(c2ccc(OC(F)(F)F)cc2)CC1)N1CCC1,1.755799
COc1ccc(F)cc1CN1CCC(n2c(=O)[nH]c3ccccc32)CC1,1.779596
Cc1cc(NC(=O)CN(C)c2c(F)cccc2F)on1,1.841359
Cc1ccc(-n2nc(C(C)(C)C)cc2NC(=O)Nc2ccc(OCCN3CCOCC3)c3ccccc23)cc1,1.221414
c1cnc(NCCc2cccc3cccnc23)nc1,1.567732
CCc1noc(COc2c(C)ccnc2Cl)n1,1.366983
CNC(=O)Cn1ccc2cc(OC)ccc21,1.600646
CC(C)(C)C(=O)N1CCC(Cc2ccc(-c3cccs3)cc2)(C(=O)N2CCCC2)CC1,1.361728
Cc1ncc(CN(C)c2nnc(C)c(C)c2C#N)s1,1.45591
Cc1nc(=O)c2c([nH]1)CN(Cc1ccccc1)CC2,1.630326
Cn1ncc2c(N3CCN(c4ccc(Cl)c(Cl)c4)CC3)ncnc21,-0.886057
NCCC(=O)Nc1ccc2[nH]c(=O)[nH]c2c1,2.154576
CN(C(=O)CNC(=O)c1ccccc1OCC(=O)Nc1ccc(Br)cc1)c1ccccc1,-0.455932
O=C(C1CC1c1ccc(F)cc1)N1CCC(n2c(=O)[nH]c3ccccc32)CC1,1.678973
CCn1c(C)nc2cc(NC(=O)c3ccc(=O)n(CC(=O)N4CCCCC4)c3)ccc21,1.894316
Cc1ccc2c(C(=O)N(C)C)cc(-c3cnc(C(C)C)nc3)nc2c1C,0.385606
Cn1c(CNC(=O)Cc2cccc3ccccc23)nc2ccccc21,1.002166
O=C(NCc1nnc2n1-c1ccccc1CC2)c1ccc2ccccc2c1,1.5358
CNC(=O)C1(Cc2ccc(-c3ccncc3)cc2)CCN(Cc2cccc(F)c2)C1,1.759668
CCCN(C(=O)c1c(CC)noc1C)C1Cc2ccccc2C1,1.571476
Cc1ccc(OCC(=O)Nc2ccncc2)c(C)c1,1.672652
O=C(NCCc1ccccc1)c1cnccn1,1.771293
CC1(C)CN(C(=O)c2cncc(Br)c2)CCO1,1.920541
CN(Cc1ccc(-c2ccc(Br)cc2)o1)C(=O)c1cnn(C)c1,0.742725
CCOC(=O)N1CCN(C(=O)c2ccc3c(c2)OCO3)CC1,1.724522
CCOc1ccc(C(=O)Cn2c(=O)n(-c3ccc(F)cc3)c3nc(C)nc(C(N)=O)c32)cc1,-0.408935
C[C@@H]1CN(C(=O)CC(c2ccccc2)c2ccccc2)C[C@H](C)O1,1.718668
Cc1c(C(=O)NCc2cnc(N(C)C)n2C)sc2ccccc12,1.70757
Cn1ncc2c1CCc1sc(NC(=O)c3cccnc3)nc1-2,1.034227
Cc1cccc2c1Oc1[nH]c(-c3ccccc3)nc(=S)c1C2,-0.481486
Cc1ccc(CC(=O)Nc2nc(C)no2)cn1,1.631545
CN(C)c1cc(CNc2ccc(C#N)cn2)ccn1,1.662569
Cc1nn(-c2ccccc2)c(C)c1CN,1.305996
CC(C)(C)n1cc(CNc2cccnc2)cn1,1.405688
CCN(C(=O)CN1CCNC(=O)C1)c1ccc(F)cc1,1.541829
Cn1ccc2c(NC(=O)N3CCCN(C(=O)Oc4ccccc4)CC3)cccc21,1.856608
Cc1nc(C2CCN(CC(N)=O)CC2)no1,1.787956
Cc1cccc(N2CCN(C(=O)c3cncnc3C(C)C)CC2)c1,1.868527
COc1ccc(CN(C)c2ncncc2Br)cc1O,1.745309
CN(Cc1ccccc1)C(=O)c1ccc(-n2cccn2)nc1,1.588832
Cc1sc2nc(CN3CCCC3)nc(N)c2c1C,1.649821
Cc1[nH]c2ccc(Cl)cc2c1CC(=O)N1CCC(Cc2ncncc2C(N)=O)CC1,1.667453
CCCC(=O)NCC(=O)Nc1cnc(N2CCN(C)CC2)nc1,1.70944
C/C=C/CC(=O)N1CCC(c2cc(Cc3ccccc3)[nH]n2)CC1,1.382197
O=C(CCCc1cc(Cl)sc1Cl)N1CC[C@H](O)C1,1.699144
Cn1ccc(CN2C(=O)c3ccccc3C2=O)cc1=O,1.699404
COc1ncc(-c2cccc(N(C)C)c2)c(OC)n1,1.396199
Cc1nn(C)c(C)c1CCC(=O)N1CCN(C)Cc2ccccc21,1.724276
CNC(=O)c1ccc(CN(C)c2c(F)cc(C#N)cc2F)cc1,1.197005
CN(Cc1c(F)cccc1Cl)C(=O)c1ccc(-n2ccnc2)nc1,1.733438
N#Cc1cnn(-c2nc(-c3ccc(Br)s3)cs2)c1N,0.278754
Cc1ccccc1N(CC(=O)O)S(C)(=O)=O,1.649919
O=C(CN1CCSC1=O)Nc1ccccc1F,1.500236
CC(=O)N1CCCN(C(=O)Nc2ccc(N(C)C3CCCCC3)c(F)c2)CC1,1.830268
COc1ccc(CCn2c(C)c3c(=O)n(-c4nc5ccccc5s4)[nH]c3cc2=O)cc1,1.352761
COc1ccccc1C(=O)Nc1ccc2cc[nH]c2c1,0.690196
C#CCNC(=O)Cc1coc2cc(OC)ccc12,1.751587
O=C(C1CCCN(c2ccccn2)C1)N1CCc2ccccc2C1,1.691965
Cc1cc(C(=O)NCCc2ccccn2)c(C)s1,1.61363
Cc1ccc(-n2nc(C(=O)N3CC(O)C3)c3c2CCCC3)cc1,1.562293
Cc1cnc(CNCc2cccc3c2OCO3)s1,1.542203
COc1ccc(CN(C)C(=O)Nc2ccccc2)cc1F,1.661339
COc1ccc(CNC(=O)CCCOc2ccc(C(C)=O)cc2)cc1,1.305566
COc1ccccc1C(=O)Nc1cccc(-c2ccnc(C)n2)c1,1.666705
Cc1ccc(-c2nc(NCc3ccco3)ncc2-c2cc(C)no2)cn1,1.012837
CCN(Cc1ccncc1)[C@@H]1CN(C(=O)c2ccccc2)C[C@H]1O,2.061452
Cc1cccnc1NC(=O)c1csc(-c2ccccc2)n1,1.635283
Cc1cnc(NC(=O)c2cc(S(=O)(=O)N(C)C)ccc2N2CCCC2)s1,-0.677781
CCCCN(C)C(=O)Nc1cc(C)ccn1,1.396548
N#Cc1ccc(CCC(=O)Nc2ccncc2)cc1,1.579097
CCN(CC#N)C(=O)c1nn(-c2ccc(F)cc2)c2c1CCCC2,1.607562
O=c1[nH]c2ccccc2n1C1CCN(Cc2nnc(-c3cc4c(s3)CCCC4)o2)CC1,0.389166
CCN(C(=O)CO)[C@H]1CN(C(=NC#N)Nc2cccc(OC(F)F)c2)N=C1c1ccc(Cl)c(Cl)c1,0.367356
Cc1ccc(NC(=O)CN(C)C(=O)c2ccccc2F)nc1,1.732394
Cc1cc(CN(C)Cc2cscn2)no1,1.457125
CCCn1ncc2ccc(C3CCCN(CC(=O)N4CCCC4)C3)nc21,1.693727
CCn1nccc1CNc1nnc(-c2ccc(OC)cc2)o1,1.43329
CCN(c1ccccc1)S(=O)(=O)c1ccc(C(F)(F)F)cc1,0.146128
N#Cc1nncn1CC(=O)Nc1ccc2ccccc2c1,1.357172
Cc1nnnn1CCCc1ccccc1,0.753583
CC1=NC(=O)NC(c2ccccc2)C1C(=O)OCc1ccc2c(c1)OCO2,0.273001
Cc1nnsc1CN(C)c1ccc2cc[nH]c2n1,1.38952
CCC(Oc1ccccc1)C(=O)Nc1nc2ccccc2[nH]1,1.073718
CC(=O)NCC1CCN(C(=O)c2ccc(C)nc2)CC1,1.732394
O=C(Nc1cccnc1)c1ccnc(NC(=O)C2CC2)c1,1.610128
CC(C)(C)C(=O)N1CCC(CN2C(=O)C(=O)N(C3CCCC3)C2=O)CC1,1.824581
N#Cc1ccc2[nH]c([C@H]3CCN(C4CCC4)C3)nc2c1,1.700704
CS(=O)(=O)c1ccc(-c2cnc(NCc3ccco3)n3cnnc23)cc1,1.561101
Cn1cncc1-c1ncccc1C(=O)N1CCCC1,1.733839
COc1ccc(C)cc1-c1ccc[nH]c1=O,1.515874
Cc1cnc(-n2cnnc2)c(-c2cccc(Cl)c2Cl)c1,1.269513
N#Cc1cccc(-c2ccc3[nH]ccc3c2)n1,0.562293
CCOCC(=O)NCc1cc(C2CC2)n(C2CCCC2)n1,1.578181
O=C(NCc1ccc(F)cc1)C1(Cc2ccc(-c3cccnc3)cc2)CCOCC1,1.94176
O=C(Nc1nccs1)C1CCN(C(=O)CN2CCc3ccccc32)CC1,1.71071
Cc1nc(C2CCNCC2)cc(N(C)C)n1,1.585461
CC1CCN(CC(=O)Nc2nc(-c3c[nH]c4ccccc34)cs2)CC1,0.715167
Cc1nn(-c2ccccn2)c2nc(C3CC3)cc(C(=O)O)c12,1.709355
Cn1cncc1CCNC(=O)C1CC1(C)C,1.459694
CC(=O)Nc1nc(-c2c(C)cc(C)cc2C)cs1,1.283301
Cc1nn(C)c(C)c1NC(=O)CN1CCC2(CCCCC2)CC1,1.941263
CC(Sc1nc(=O)c2cnn(-c3ccccc3)c2[nH]1)C(N)=O,0.332438
O=C(O)c1cc(N=Nc2ccc(S(=O)(=O)Nc3ccccn3)cc2)ccc1O,1.736397
CCCc1nnc2sc(-c3cc(C(C)C)nn3C)nn12,1.251881
Nc1cnn(CC(=O)Nc2ccc(F)cc2)c1,1.732394
NC(=O)CC1CCN(c2ncccn2)CC1,1.765072
COc1cc2c(cc1OC)CC(=O)N(CCCN(C)C[C@H]1Cc3cc(OC)c(OC)cc31)CC2,1.818226
CC(=O)c1c(C)c2cnc(Nc3ccc(N4CCNCC4)cn3)nc2n(C2CCCC2)c1=O,1.664266
COc1ccc(N)cc1N1CCOC1=O,1.508395
O=C(CC1CCN(c2ncc(Cl)cn2)CC1)N1CCOCC1,1.70927
O=C(O)CNc1nc(-c2ccccc2)nc2ccccc12,1.404149
CCOC(=O)C1(Cc2cc(-c3cccc(F)c3)no2)CCN(Cc2ccccc2O)CC1,-0.167491
CCc1nnnn1Cc1noc2c1CCCC2,1.366236
CCOc1ccc(C(=O)Nc2cnn(C3CCOCC3)c2)cn1,1.600537
Cc1ccc2c(c1)C(=O)CC1(CCN(C(=O)c3ccc4[nH]c(C)cc(=O)c4c3)CC1)O2,1.305351
O=C(O)CCC(=O)Nc1ccccc1-c1nc2ccccc2[nH]c1=O,1.783189
CSCC(=O)N1CCc2[nH]nc(-c3cccc(F)c3)c2C1,1.695044
CCn1ncc(-c2cc(C(F)F)nc(NCCCOC)n2)c1C,1.650308
NS(=O)(=O)OC[C@@H]1C[C@@H](n2ccc3c(N[C@H]4CCc5ccccc54)ncnc32)C[C@@H]1O,1.646894
Cc1noc2ncc(-c3nnc(CC(C)(C)C)o3)cc12,1.575996
Cc1nnc(-c2ccccc2NCc2ccsc2)o1,-0.031517
COC(=O)c1ccc2c(c1)CCN2S(=O)(=O)c1ccc(Cl)c(C(F)(F)F)c1,-0.045757
COc1cc2c(c(OC)c1OC)CCNC(=O)C2,1.695744
Cc1cc(NC(=O)c2ccc(Cl)cc2F)no1,0.845098
CN(Cc1cnn(C)c1)c1ncnc2c1oc1ccccc12,1.628491
c1ccc(-c2ccc(Cn3ccnc3-c3cc4n(n3)CCCNC4)cc2)cc1,0.661813
Cc1cc(C(=O)Nc2cccc3ncccc23)on1,1.656769
Cc1nc(-c2ccccc2)ccc1C(=O)NC1CCCC1,1.61236
CCn1c(CO)nn(-c2cc(O[C@@H](C)C(F)(F)F)c(C(=O)Nc3c(F)cccc3Cl)cc2F)c1=O,1.826723
O=C(C1CCCN(S(=O)(=O)c2ccccc2)C1)N1CCc2ccccc2C1,1.529559
CCS(=O)(=O)N1CCC(C(=O)N(C)C2CCCCCCC2)CC1,1.71054
COc1ccccc1C(=O)NCc1nc(C)cc(N2CCCCC2)n1,1.825945
O=C(Nc1ccc2sccc2c1)N1CCCN(C(=O)Oc2ccccc2)CC1,1.578181
COc1cc(CNC(=O)NC2CCCCC2)cc(OC)c1O,1.89215
Cc1cccc(NC(=O)c2cccc3ncccc23)c1,0.685742
O=C1N=C(N2CCCCN2)SC1=Cc1ccc(F)cc1O,-0.045757
O=C(c1ccc2oc(CCCc3ccccc3)nc2c1)N1CCC(Oc2cccnc2)CC1,1.385249
O=C(NC1CCCCC1)C1CCN(c2ccncc2Cl)CC1,1.342423
COc1cc2nc(/C=C/c3cocn3)sc2cc1OC,1.092018
CCC(=O)N1CCCc2cc(C(O)CN3CCN(c4ccc(OC)cc4)CC3)ccc21,1.845408
COc1ncnc2c1CN(Cc1c[nH]nc1-c1ccc(F)cc1)CC2,1.452553
Cc1ccc2c(c1)c1nc3ccccc3nc1n2CC(N)=O,-0.79588
CS(=O)(=O)N1CCC(Nc2ccc3ccc(F)cc3n2)CC1,1.722387
Cc1cc(N(C)C)nc(-n2ccnc2)n1,1.454692
CCCC(=O)Nc1ccc(C)c2ncccc12,1.700704
Cc1c(CN2CCC(Nc3ncnc4sc(CC(F)(F)F)cc34)CC2)ccc2c1cc(C#N)n2Cc1cn[nH]c1,0.509203
Cc1cc(C(=O)Nc2cccc(-c3cnco3)c2)c2c(C)nn(C)c2n1,0.941014
N#CC[C@H](C1CCCC1)n1cc(-c2ncnc3[nH]ccc23)cn1,1.538197
Cc1cc(CCCC(=O)NCC2CCC(c3ccc(C(N)=O)c(C)n3)CC2)ccc1F,0.502427
CCc1ccccc1NC(=O)CCn1ccnc1-c1ccc2c(c1)OCO2,1.623663
Cc1c(Cl)ccc2cc3n(c12)[C@@H](C)CNC3=O,1.522444
Cc1nc(N2CCn3ccnc3C2)c2cnn(C)c2n1,1.517064
CNc1cc(CC2CCNCC2)ncn1,1.486005
O=C(NCCc1nnc2n1CCC2)c1ccc2c(c1)CCC2,1.373831
COc1cccc(OCCCn2cncc2-c2cc3c(cc2OC)OCCCO3)c1,1.979776
CNC(=O)Cc1nc(-c2cncc(C)c2)cs1,1.574957
COC(=O)[C@]12CCC(C)(C)CC1C1C(=O)C=C3[C@@]4(C)C=C(C#N)C(=O)C(C)(C)[C@@H]4CC[C@@]3(C)[C@]1(C)CC2,0.498311
Cc1nn(Cc2csc(-c3cccs3)n2)c(N)c1C#N,1.597695
O=C(c1ccc(=O)[nH]c1)N1CCN(c2ncccn2)CC1,1.634477
Cc1cc(NC2CCCC2)nc(C2CCNCC2)n1,1.85382
Cc1ccc(-c2nc(CN3CCOCC3)n(Cc3ccc(F)cc3)n2)o1,1.461348
COc1cccc(-n2nc(C(=O)O)cc2-c2ccc(C3CCCCC3)c(Cl)c2)c1,1.528274
CC(C)(C)Sc1c(CC(C)(C)C(=O)O)n(Cc2ccc(Cl)cc2)c2ccc(OCc3ccc4ccccc4n3)cc12,0.78533
CCc1ccc(-c2nccn2Cc2c(C)nn(CC)c2C)o1,1.607777
Cc1nccc(C2CCN(Cc3ncc[nH]3)CC2)n1,1.905364
Cn1cnnc1-c1cccc(NS(=O)(=O)c2ccc(N3CCCC3=O)cc2)c1,1.752816
COC(=O)C1C[C@H](O)CN1CCc1ccccc1F,1.753966
CS(=O)(=O)N(CC(=O)Nc1ccccc1C(=O)NCc1ccco1)c1ccc(F)cc1,1.545925
COCc1nc(-c2cc(F)ccc2F)c(C)s1,0.556303
O=C(Nc1ccc(F)cc1)C(O)c1ccccc1,1.632457
COCCc1nc(CCCn2cccn2)n(C2Cc3ccccc3C2)n1,1.330819
CCS(=O)(=O)CC(=O)Nc1cc(C)ccc1C,1.606596
Cc1nc2ccc(NC(=O)c3sc(-c4ccccn4)nc3C)cc2s1,0.113943
Cc1cccc(-n2cnnc2CCCN2CCOCC2)c1,1.54444
Cc1noc2ncc(C(=O)Nc3nc(C4CC4)cs3)cc12,1.060698
Cc1ccc2[nH]c(-c3ccc(N(C)C)cc3)nc2c1,1.058426
CC(C)NC(=O)c1cc(-c2ccccc2)n(-c2ccccn2)n1,1.732956
COc1ccc2nc(C)c(C(=O)Nc3ccccc3N3CCCC3)cc2c1,0.924279
COc1ccc(C2(NCc3ccc(N4CCCC4=O)cc3)CC2)cc1,1.911317
CCOC(=O)Nc1cc(-c2ccc(C)c(NS(C)(=O)=O)c2)nn2c(C)nnc12,1.710963
CON(C)C(=O)CCc1c(C)nn(C)c1C,1.534026
CSc1ccccc1NC(=O)CN1CCCC(c2nc3ccccc3o2)C1,0.929419
COC(=O)c1c(C)[nH]c(C(=O)OCC(=O)N(C)Cc2cccs2)c1C,1.608526
c1ccc(-n2ncc3c(-n4ccnc4)ncnc32)cc1,0.696356
Cc1ccc(-c2cc(NC(=O)CN3CCOCC3)on2)cc1,1.717004
NC(=O)CN1CCC(Oc2cccc(F)c2)CC1,1.783975
O=C(O)/C=C/c1ccc(Cn2ccnc2)cc1,1.704151
CCOc1cc2c(cc1CCC(=O)N1CCC(Cc3ncncc3C(N)=O)CC1)CCC2,1.876276
c1ccc(COc2ccc(CNCC3CCNCC3)cc2)cc1,1.401573
N#Cc1ccc(OCCn2cccn2)cc1,1.60021
COc1cc(CN(C)C(=O)Nc2cccc(C)c2C)ccc1O,1.714497
CCN(Cc1ccccc1)C(=O)c1ccc(O)cc1O,1.669317
Cc1c(Cl)cccc1NC(=O)C(C)N1CCCN(c2nccs2)CC1,1.683047
CC(=O)n1c(/C=C2/N=C(c3ccc(F)cc3)OC2=O)cc2ccccc21,0.7348
Cc1ccc(-c2cnc(N)cn2)c2cccnc12,1.502973
CN1C(=O)C(Cc2ccccc2)N[C@@H]1C(C)(C)C,1.482016
C[C@@H](Oc1cc(-c2cnn(C3CCNCC3)c2)cnc1N)c1c(Cl)ccc(F)c1Cl,1.511883
Cc1nnc(N2CCC(CNc3ccc(C#N)cn3)C2)c(C#N)c1C,0.911158
Cc1nc(-c2ccc(C)c(O)c2)n(C(C)(C)C)n1,1.082785
COc1ccc(C2(NCc3cnn(-c4ccccc4)c3)CCCC2)cc1,1.759063
O=C1Nc2ccc(Cl)cc2[C@@](C#CC2CC2)(C(F)(F)F)O1,1.183839
COc1cccc(-c2nnn(Cc3cc(F)cc4cccnc34)n2)c1,-0.853872
O=C(NCc1ncc(-c2ccccc2)o1)C1CCCCC1,1.880299
Cc1cc(C)nc(-n2nc(C)c(CC(=O)NC3CCCCCC3)c2C)n1,1.737193
COc1ccc(C2(NCc3cccc4ncccc34)CC2)cc1,1.744449
Cc1cnn(CC2CC2)c1NC(=O)/C=C/c1ccccc1,1.514548
Nc1nc2ccccc2n1CCCc1ccccc1,1.434569
O=C(NCCCn1ccnc1)N1CC2(CCCC2)c2ccccc21,1.799892
C#CCOc1ccc(C(=O)NN2CCCC2=O)cc1,1.402949
CCOc1ccc(CC(=O)NCCn2cccnc2=O)cc1,1.835817
CC(=O)Nc1ccc2nc(N3CCOCC3)sc2c1,1.643946
COc1ccc(CN2CCC(c3nc(C(C)C)no3)CC2)c(F)c1,1.673297
Cc1nn(C)c2ncc(C(=O)Nc3ccc4c(c3)CCO4)cc12,1.360215
Cc1nnc(-c2cccc(C(=O)O)c2)o1,1.536432
COc1ccc(Oc2cc(C)c(-c3csc(NC(=O)c4ccncc4)n3)c(C)c2)cc1,-0.508638
Cc1ccc(F)cc1C(=O)N1CCc2c(nc(-c3ccccn3)nc2N(C)C)C1,1.410609
Nc1nnc(-c2ccc3c(c2)OCCO3)o1,1.368659
Cc1ccc(NC(=O)c2nn(-c3ccccc3)nc2C)cc1,-0.537602
c1ccc(Cc2n[nH]c(CSc3ccccc3)n2)cc1,1.226084
CN(C)C1(CNC(=O)N2CCCC(C)(C)CC2)CCOCC1,1.754807
O=C(CCOc1ccccc1)N1CCCC(c2[nH]ncc2-c2ccc(Cl)cc2)C1,-0.09691
CN(CC(=O)N(C)C)Cc1cc(C#N)ccc1F,1.548389
CN(CC#N)C(=O)c1cccc(CN2CCCC2)c1,1.543074
Cc1cc(CNc2cc(C(=O)N(C)C)ccn2)sc1Br,1.674861
Cc1ccn(-c2ccc3[nH]c4c(c3c2)CCCC4=O)n1,0.984527
Cc1cc(NC(=O)CCc2cnn(C)c2)c2ccccc2n1,1.635283
COc1ccccc1OC1CCN(Cc2ccccc2C#N)CC1,1.613842
Cc1cc(C)cc(Oc2cc(C#N)ccn2)c1,0.988113
Cc1nnc(NC(=O)c2ccccc2-c2ccc(C(F)(F)F)cc2)s1,0.130334
COc1cc2c(cc1OC)CN(C(=O)C1CCCN(C(=O)OC(C)(C)C)C1)CC2,1.79134
O=C(Cc1ccccc1F)N1CCN(c2nccn3nc4c(c23)CCCC4)CC1,1.749118
CSCC(=O)N1CCN(C(=O)CSC)C2(CCCCC2)C1,1.703549
OC1CCN(c2ncc(-c3cnccn3)c(-c3cccs3)n2)CC1,1.680063
N#Cc1c(O)[nH]c2scc(-c3ccc(-c4ccccc4O)cc3)c2c1=O,1.769377
Oc1ccccc1NCc1ccccn1,1.644242
Cc1cccc(NC(=O)c2cccnc2N2CCCCC2)n1,1.440752
Cc1cc(C)nc(NCc2cnc(C)c(C)c2)n1,1.124178
Cc1nccn1-c1ccc(F)cc1CNC(=O)C(C)C,1.773421
O=c1[nH]c2ccccc2n1C1CCN(S(=O)(=O)Cc2ccccc2)CC1,0.423246
Cc1ccc2nc(C)c(C(=O)N3CCC(C(=O)Nc4ccncc4)CC3)cc2c1,1.719828
O=C(c1cccs1)N1CCCC(C(=O)N2Cc3ccccc3C(c3ccccc3)C2)C1,1.392697
CSCC(=O)Nc1nc(-c2ccc(C3CCCCC3)cc2)cs1,-0.431798
COC(=O)C1Cc2ncn(Cc3ccccc3)c2CN1C(C)=O,1.507856
COc1ccc2nc(C)nc(N3CC(O)(c4ccc(F)cc4)C3)c2c1,1.288473
CC(C)(C)NC(=O)c1cncn1C1CCN(c2ccc(-c3nnc(C(F)(F)F)o3)cn2)CC1,1.786254
Cn1ccnc1COc1ccc(CO)cc1,1.758761
Cc1noc(C2CCN(CC(N)=O)CC2)n1,1.487845
Cc1ccc2cc(C(=O)N(C)CCC#N)[nH]c2c1,0.60206
c1ccc(-c2cc3c(N4CCC(c5ncc[nH]5)CC4)ncnc3s2)cc1,0.618048
O=C(Nc1ccc(C(=O)O)c(O)c1)c1ccc(NC(=O)c2cccs2)cc1,1.73456
CS(=O)(=O)c1ccc(-c2nnc(/C=C/c3nnc(-c4ccc(C#N)cc4)o3)n2-c2ccccc2Cl)nc1,-0.045757
N#Cc1ccc(-c2csc(CCN3CCCC3=O)n2)cc1,1.398981
C[C@@H](c1ccc2ccc(O[C@H]3CC[C@@H](C(F)(F)F)CC3)c(C(F)(F)F)c2c1)N1C2CCC1CC(C(=O)O)C2,1.864511
Cc1cc(Nc2ccccn2)cc(C2CCCN(CC(=O)Nc3ncc(C)s3)C2)n1,1.816407
CN(C)c1ccc(C(=O)N2CCn3c(c(O)n(Cc4ccccc4)c3=O)C2)cc1,1.133539
COc1cccc(NC(=O)CNc2cccc(-c3ccnc(C)n3)c2)c1,1.702861
Cc1ccc(C)c(OCC(=O)N2CCC(C(=O)Nc3ccccc3)CC2)c1,0.52763
CCc1nc2ccc(C(=O)NCc3ccccc3)cc2nc1CC,0.332438
O=C(NCc1ccc(F)cc1)c1ccc(-n2ccnc2)nc1,1.850033
Cc1nnc(CN(C)CC(C)Oc2ccc(Cl)c(Cl)c2)n1C,1.518514
Cc1cnn(Cc2cc(F)ccc2F)c1N,1.615319
c1ccc2[nH]c(SCc3cn4ccccc4n3)nc2c1,1.651762
CCCCC1=NC2(CCCC2)C(=O)N1Cc1ccc(-c2ccccc2-c2nn[nH]n2)cc1,1.567849
Clc1cccc(CNc2nc(C3CC3)no2)c1,1.466719
Oc1cccc(CN2CCN(c3ncc(Br)cn3)CC2)c1,0.694605
CCOc1ccccc1N=Cc1c(O)c2ccccc2oc1=O,-0.180456
Cc1nc(CN(C)C(=O)C2c3ccccc3-c3ccccc32)no1,1.513484
CC1(C(=O)O)CCN(Cc2ccccc2)CC1,1.652633
COC(=O)N1CCCN(C(=O)c2ccc(-c3ccccc3Cl)o2)CC1,1.770115
CNCC(=O)Nc1cc(Cl)c(OCCOC)c(Cl)c1,1.941014
CNC(=O)CC1CCN(c2ncccn2)CC1,1.69897
COc1ccc(-c2nn3c(-c4ccco4)nnc3c3ccccc23)cc1,-0.744727
CNc1cc(C)nc(-c2ccnc3c2ccn3C)n1,1.465383
CCc1nc2c(C)cc(N3CCN(CC(=O)N4CC(O)C4)CC3)cn2c1N(C)c1nc(-c2ccc(F)cc2)c(C#N)s1,1.780317
CNC(=O)c1ccc(N2CCCC2)nc1,1.540329
NCCN1CCN(C/C=C/C(=O)N2CCC[C@@H](n3nc(-c4ccc(Oc5ccccc5)cc4)c4c(N)ncnc43)C2)CC1,1.480007
Cn1cc(-c2nc(C(F)(F)F)c[nH]2)cn1,1.60401
CC(C)(C)OC(=O)NCc1ccc(C(=N)NC(=O)OCc2ccccc2)cc1,0.4133
N#CCCCN1CCN(c2cc(C#N)ccn2)CC1,1.615319
CN(C)c1nc(N)nc(Sc2ccccc2)n1,0.49276
COc1ccnc(N2CC(n3nc(C)cc3C)C2)n1,1.579326
CC1(C)COCCN1Cc1cnn(-c2ccccc2)n1,1.168497
Cc1cc(F)ccc1C1C(=O)NCCN1C(=O)c1ccc2nccn2c1,1.79379
CC(C)(C)c1nccc(NCc2ccncc2)n1,1.483016
Cc1nnc(-c2ccccc2-c2ccc(O)cc2)s1,1.699751
CCc1cnc(C)nc1-c1ccc(-c2cc[nH]n2)cc1,1.316809
COc1cc2ncnc(Nc3ccc(F)c(Cl)c3)c2cc1OCCCN1CCOCC1,1.004321
Oc1ccc(O)n1CCN1CCCCc2ccccc21,1.746245
CCc1cc(CN(C)c2nccc(-c3ccc(C)nc3C)n2)on1,1.56134
Cn1ccnc1CN(C(=O)c1[nH]c2ccccc2c1Cl)C1CC1,1.794349
O=C(O)c1ccc(CN2CC[C@H](c3nc4cc(Cl)ccc4o3)C2)cc1,1.510545
O=C(Cc1cccc2ccccc12)NCc1nnc2n1-c1ccccc1CC2,1.669038
CSc1ncccc1C(=O)Nc1ccc(N2CCCCC2=O)cc1,0.952792
CC(C)c1nc(CCn2ccnc2-c2ccoc2)cs1,1.466126
Cc1n[nH]c(-c2c(C)c3cc(F)ccc3n2C)n1,1.371068
Cc1ccc(C(=N)NOC(=O)c2ccc3c(c2)OCCO3)cc1,-0.481486
COCC1(c2nc(-c3ccncc3)nn2Cc2cccc(Cl)c2)CC1,1.447623
Cn1ccnc1CNc1cc(Br)ccc1-n1cccn1,1.686636
CC(C)(O)CNc1ncc(-c2ccnc(Nc3ccnc(Cl)c3)n2)c(CC2CC2)n1,1.341237
CCc1nc2ccccc2n1CC(=O)N1CCNC(=O)C1,1.704151
Cc1ccc(-n2ccnc2-c2ccoc2)c2cccnc12,1.297979
Cc1cc(C(=O)NC2CCN(C(=O)c3cc(C)sc3C)CC2)no1,1.78668
O=C(CN1CCC(c2ccccc2)CC1)N1CCNC1=O,1.690728
O=C(CC1CCNCC1)NCCc1ccccc1F,1.767082
COc1ccc(-n2c(Cn3cnc(C#N)n3)nc3ccccc32)cc1,1.556544
O=C(Nc1nc2ccccc2[nH]1)C1CCCCC1,0.388279
CONC(=O)c1cn(-c2ccc(Br)cc2)cn1,1.803525
CSc1cccc(-c2ccccc2-c2nnc(C)o2)c1,1.618466
Cc1nc(COc2ccc(F)cc2)sc1C(=O)N1CCC(C)CC1,1.675595
CS(=O)(=O)N1CCc2c(cccc2NC(=O)c2ccc(F)cc2)C1,-0.431798
CC1(C)C(=O)N(Cc2ccc(CO)cc2)C(=O)c2ccccc21,1.438701
COc1ccc([C@H]2CN(C(C)=O)[C@@H]3CCCN(Cc4cccc(F)c4)[C@H]23)cc1,1.653213
O=C(O)c1ccc(=O)n(CCc2c[nH]c3ccccc23)c1,1.627366
N#Cc1cc(F)c(N2CCN(CCO)CC2)c(F)c1,1.61574
COc1c(C)cnc(CN(C)S(N)(=O)=O)c1C,1.485721
CN(C[C@@H]1COCCO1)S(=O)(=O)Nc1ccc2ccc3ncc(-c4cnn(C)c4)cc3c(=O)c2c1,0.526339
CCCCn1nc(-c2ccc(C)o2)nc1CNC,1.467016
COc1ccc(C)cc1-n1ccc(C(=O)NC(C)C)n1,1.552668
OCC1CCCCN1Cc1ccc(Cl)c(Cl)c1,1.623249
COCCOc1ccc(N2CCN(CCn3ncc4c3nc(N)n3nc(-c5ccco5)nc43)CC2)cc1,-0.045757
CC(=O)NC1(C(=O)N2CCCN(c3cccnn3)CC2)CCCCC1,1.683587
CS(=O)(=O)CCNc1ccc2ccc(F)cc2n1,1.728191
CC(C)(C)OC(=O)N1CC=C(CCC(O)=NO)C1,1.643354
C=CC(=O)N1CCC[C@@H](n2nc(-c3cccc(C(=O)Nc4ccc(C(C)C)c(C)c4)c3)c3c(N)ncnc32)C1,-0.769551
CN(C(=O)c1cc2ccc(C(C)(C)C)cc2[nH]1)C1(C#N)CCC1,-0.657577
CCN(C/C=C\c1ccc(C2CCCCC2)c(Cl)c1)C1CCCCC1,0.819544
COc1cc2c(cc1OC)-c1cc3ccc(OC)c(OC)c3c[n+]1CC2,1.733037
O=c1[nH]c2ccccc2n1C1CCN(CCc2ccccn2)CC1,1.748963
O=C(c1cccs1)N1C[C@@H]2CCCN(C(=O)c3cccs3)[C@@H]2C1,1.800236
CCc1cnc(CNC(=O)N2CCC(n3cncn3)CC2)s1,1.694078
N#CC1(CN2CCc3cc(-c4ccccc4)oc3C2)CC1,1.480869
Clc1ccccc1C(c1ccccc1)(c1ccccc1)n1ccnc1,0.571126
O=C(NCCc1ccc2c(c1)OCO2)Nc1ccncc1,1.667453
O=C(NCc1ccc(F)cc1)C1CCN(C(=O)/C=C/c2ccccc2)CC1,0.91698
Cc1cc(OCC(=O)N(C)C2CCCCCCC2)no1,1.642069
O=C(CN1CCCN(c2nccs2)CC1)Nc1cccc(Cl)c1,1.569959
O=C(Nc1nc(-c2cccnc2)cs1)C1CCCCC1,-0.677781
O=c1ncn2nc(Sc3ccc(F)cc3F)ccc2c1-c1c(Cl)cccc1Cl,1.11059
O=C1CN(C(=O)c2ccc(F)cc2)CCN1,1.67219
Cn1ccc(NC(=O)C2CCCCN2C(=O)OC(C)(C)C)n1,1.627263
CS(=O)(=O)Cc1cc(-c2ccccc2)on1,1.496099
Cc1ccc(C)c(S(=O)(=O)N2CCCN(C3CCC3)CC2)c1,1.762453
CCCC(=O)N1CCC(c2cccc(C)n2)CC1,1.604226
COc1cccc(-c2cccc(N)n2)c1F,1.260071
NC(=O)CN1CCC(CCc2ccccc2)CC1,1.616265
CCC1(O)CN(c2ncnc3c2c(Br)nn3C)C1,1.691435
CN(C)S(=O)(=O)N(C1CCCC1)C1CC1,1.513351
CN(C)c1ccc(-c2ccc(COCc3cccs3)cc2)nn1,0.130334
O=C(c1ccc(F)c(F)c1)N1CCN(C(=O)c2nc(Cl)ccc2Cl)CC1,1.790144
COc1cc2nc(N)sc2cc1OC,1.513484
Cn1cc(O)n(CCCC(=O)Nc2cccc(C#Cc3cccs3)c2)c1=O,1.635484
Cc1cccc(COc2cccc(/C=C3\C(=O)NN(c4ccccc4)C3=O)c2)c1,0.71265
O=C(Nc1cccnc1)c1ccccc1Cc1ccccc1,1.848435
CCN1CCN(c2ccc(NC(=O)c3ncoc3-c3ccc4ccccc4c3)cc2)CC1,0.0086
CCOc1cccc(CNCCc2c[nH]c3ccccc23)c1,1.863263
COc1ccc(-c2onc(C)c2-c2cnn(-c3ccccc3)c2)c(O)c1,-0.60206
NC(=O)COc1ncnc2ccccc12,1.679882
CN1C(=O)C(NC(=O)c2n[nH]c(Cc3ccccc3)n2)COc2ccccc21,1.618048
O=C(Nc1nc2ccccc2[nH]1)c1ccncc1,0.706718
CS(=O)(=O)CCc1nc(C2(c3ccccc3)CC2)nn1-c1ccccc1,1.486005
COc1cc2c(cc1OC)CN(C(=O)C1CCCN(S(=O)(=O)c3cccs3)C1)CC2,1.344392
CC(C)c1ccccc1OC(=O)NCCc1ccc2ccccc2c1,-0.148742
CCc1cc2c(=O)[nH]c(-c3ccccn3)nc2s1,1.689886
O=C1Oc2nc3cc4c(cc3cc2CN1CCN1CCOCC1)OCO4,0.982271
CN1CC[C@@H](c2c(O)cc(O)c3c(=O)cc(-c4ccccc4Cl)oc23)[C@@H]1CO,1.812312
CCOc1ccccc1C(=O)N1CCC(c2nc(-c3ccc(OC)cc3)c(C(N)=O)[nH]2)CC1,1.666518
Cc1nccn1-c1cncc(N2CCN(CC3CCCC3)C(=O)C2)n1,1.696356
COC(=O)Nc1nc2ccccc2[nH]1,0.905796
CCCn1cc(C(=O)N2CCC(c3[nH]ncc3C(=O)N3CCOCC3)CC2)cn1,1.733197
O=c1[nH]c2cc3ccccc3c(=O)n2c2sc3c(c12)CCCC3,1.180699
Cc1csc(-c2nnc(Nc3ccc(Oc4ncccc4-c4ccnc(N)n4)cc3)c3ccccc23)c1,-0.119186
CCC(=O)N1CCCC(C(=O)N2CCc3c(Cl)cc(Cl)cc3C2C)C1,1.738781
O=C(CN1CCc2ccccc21)N1CCNC1=O,1.439333
O=C(NCCn1c(O)csc1=O)c1cc(Cl)c2c(c1)OCO2,1.597695
O=C(C1CCCN(Cc2ccc(Cl)cc2)C1)N1CCc2ccccc2C1,1.635986
C[C@@H](/C=C\C(F)(F)F)Oc1cc(-c2cc(-c3cc(CN(C)C)cs3)cnc2N)ccc1C(N)=O,1.326336
O=C(CCCc1cc(Cl)sc1Cl)N1CCC(O)CC1,1.478422
O=c1c(-c2ccc(F)cc2)c(-c2ccncc2)[nH]n1-c1ccc(Cl)cc1,1.338257
CN(CCOCCOc1ccccc1-c1ccccc1)Cc1ccccc1,0.0
COc1ccc(-c2nnc(NC(=O)c3ccc4ccccc4c3)o2)cc1OC,-0.568636
CCc1ccc(S(=O)(=O)NCc2ccnc(N3CCCC3)n2)cc1,1.830396
Cc1cc(-c2nccs2)nc(CC2CCNCC2)n1,1.562887
CC(=O)N1CCCN(C(=O)Cc2csc(C(C)C)n2)CC1,1.740994
Nc1ncc(C(=O)NC2CN(C(=O)C3CC3)C2)c2ccc(-c3cccc(F)c3)nc12,0.880814
CN(Cc1ccccn1)c1nc2ccccc2o1,1.577951
CC(C)C(=O)Nc1ncc(-c2ccccc2)s1,-0.259637
CN(Cc1sccc1Br)c1nccnc1C#N,0.929419
O=C(CCc1cc2ccccc2o1)N1CCN(c2cnccn2)CC1,1.744684
Cc1cccc(Nc2ccc(C3CCN(C(=O)c4cc5cc(F)ccc5n4C)CC3)nc2)n1,-0.721246
CC(C)(C)Cc1nnc(-c2cnc3onc(C4CCCC4)c3c2)o1,0.600973
Cc1cc(C(=O)Nc2ncccc2C)c2ccccc2n1,1.643156
CCN1CCC(n2cc(CNc3cc(Cl)c4ncc(C#N)c(Nc5ccc(F)c(Cl)c5)c4c3)nn2)CC1,0.644439
Cc1nc(CC2CCN(S(=O)(=O)c3c(C)noc3C)CC2)cc(NC2CCCC2)n1,1.78154
Cc1cc(C)c2c(c1)CCCN2C(=O)c1ccc(-c2nnc(C)o2)cc1,1.717671
COc1ccc([C@H]2c3[nH]c4ccc(Cl)cc4c3CCN2C(=O)Oc2ccc(Cl)cc2)cc1,-1.0
Cc1n[nH]c(C)c1CCC(=O)N1CCOCC1,1.407901
CCCCOc1ccccc1-c1cc(C(=O)NCc2ccccc2C)[nH]n1,-0.585027
O=C(c1ccc(F)cc1)N1CCN(CC(=O)N2CCCC2=O)CC1,1.976946
O=c1[nH]c2ccccc2n1C1CCN(c2ncnc3sccc23)CC1,0.628389
Cc1ccc(NC(=O)C2COc3ccccc3O2)nc1,1.496238
Cc1sc2ncnc(OCC(=O)Nc3ccc4c(c3)OCO4)c2c1C,-0.585027
CCc1nc(C)c(Cn2ccnc2-c2cnc(N3CCCC3)nc2)s1,1.544688
Cn1ccc(NC(=O)c2cc(-c3ccncc3)nc3ccccc23)n1,1.498311
CCOc1ccc(-c2csc(N)n2)cc1,0.816241
CCNC(=O)c1ccc(CS(C)(=O)=O)cc1,1.611723
Fc1ccccc1CNc1nc(-c2ccccc2)no1,0.545307
O=C(Nc1ccccc1-n1ccnc1)c1cccs1,1.887674
CNCCN1CCC(OCc2ccccc2)CC1,1.740678
CCc1cc2c(Nc3cnn(CC)c3)ncnc2s1,1.63367
Cc1ccccc1Cn1c(=O)c2c(nc3n(-c4ccccc4O)c(C)cn23)n(C)c1=O,-0.040959
CN(C)c1ccc(Cn2c(=O)[nH]c3ccccc3c2=O)cn1,0.414973
CN(C)C(=O)COC(=O)Cc1ccc(OC(=O)c2ccc(N=C(N)N)cc2)cc1,1.889638
COc1ccc(Br)c(-c2nnc(N)o2)c1,1.393926
CCCN1CCn2nc(-c3nc4cc(OC)ccc4[nH]3)cc2C1,1.603253
O=C(NC[C@H]1COCc2nc3ccccc3n21)c1ccncc1,1.716838
Cc1csc(NC(=O)CCc2ccncc2)n1,1.580925
Cc1cccc2cc(C(N)=S)/c(=N/Nc3ccccc3)oc12,-0.318759
Cc1cccc2c(=O)n(CCC(=O)Nc3cc(C4CC4)[nH]n3)cnc12,0.91698
N#Cc1cccc(CN2CCC=C(CNC(=O)c3cccs3)C2)c1,1.718086
CCn1c(=O)c2c(nc3n2CCN3c2cc(C)cc(C)c2)n(C)c1=O,-0.30103
CCCN(C)C(=O)Nc1cccc(-c2nnc3n2CCCCC3)c1,1.595055
Cc1ccsc1CN(C)C(=O)C1CCCN1C(=O)NC(C)C,1.624488
Cc1nc(-c2ccccc2)c(C(=O)Nc2ccccc2)s1,-0.045757
O=c1[nH]c2ccccc2n1C1CCN(CCOc2ccccc2)CC1,1.675778
Cn1ccc2c(C(=O)Nc3ncn(Cc4cccnc4)n3)cccc21,1.628389
c1cc(CN2CCC(c3cc[nH]n3)CC2)ccn1,1.450249
CCC(C)(C)NC(=O)C1(Cc2ccc(-c3cc(F)ccc3OC)cc2)CCOCC1,1.078094
Cc1ccccc1C(=O)Nc1nc(C)c(C)s1,1.482159
Cc1ccc(-c2csc(CC(N)=O)n2)cc1C,1.554489
NC(Cc1c[nH]c2ccccc12)C(=O)N/N=C/c1ccc2nccnc2c1,1.604982
Cc1ccc(C(=O)N(C)Cc2c(C)noc2C)cn1,1.610873
CCOC(=O)c1c(C)[nH]c(CN(Cc2ccccc2)C(=O)c2ccccc2Cl)c1C,0.711807
Cc1nc(-c2ccccc2)ccc1C(=O)N1CCCS1(=O)=O,1.894925
Cc1ccc2oc([C@H]3CCN(Cc4cccs4)C3)nc2c1,1.419956
O=C(CSc1nccn1C1CC1)Nc1c(Cl)cc(Cl)cc1C(=O)O,0.385606
COc1ccc(-n2cc3c(c2-c2ccccc2Br)c(=O)n(C)c(=O)n3C)cc1,0.691965
CCN1C(=O)C(=O)N(Cc2sc3ccccc3c2Cl)C1=O,-0.522879
COc1ccccc1-c1cc(NC(=O)c2cccc(N3CCNC3=O)c2)[nH]n1,0.774517
COCCOCc1ccc(-c2cc3onc(-c4ccccc4)c3c(=O)n2C)cc1,1.15351
CN1CCCN(C(=O)NCCOc2ccc3c(c2)OCO3)CC1,1.84485
FC(F)(F)c1nc(Nc2ccc(-n3cnnn3)cc2)c2ccccc2n1,0.060698
Cc1nn(C)c2nc(C(C)C)cc(C(=O)O)c12,1.511883
O=C(CN1CCCC(c2cncc(-c3cccc(Cl)c3)n2)C1)N1CCCC1,1.817896
c1ccc(CCc2n[nH]c(-c3cccc4cnccc34)n2)cc1,1.62024
COc1c(N)ncnc1N1CCCC(C)(C)CC1,1.583879
COc1ccc(-c2nc3cc(C)ccc3cc2CN(C)Cc2nccn2C)cc1,1.255514
CCCNC(=O)c1ccnc(N(C)C)c1,1.580925
COc1ccc(OCC(=O)Nc2cccc(Cl)c2N2CCN(C(C)=O)CC2)cc1,0.672098
Cc1nn(C)c(C)c1CCC(=O)N1CCCc2ncccc21,1.733999
CCN1CCc2ncnc(N3CCNc4ccccc4C3)c2C1,1.716588
O=S(=O)(Nc1cccc(-c2nc3ccccc3[nH]2)c1)c1ccc(Cl)cc1,0.689309
Cc1ccccc1NC(=O)Cn1c(O)ccc1O,1.559548
COc1ccc(C(=O)Cn2c(=O)n(-c3ccccc3F)c3nc(C)nc(C(N)=O)c32)cc1,0.567026
Nc1nc2c(N)ncnc2[nH]1,1.25042
O=C(Cc1ccc2c(c1)CCCC2)Nc1ccc(-n2cnnn2)cc1,-0.022276
CC(C(=O)Nc1ccc(C(N)=O)cc1)N1CCCC(c2nc3ccccc3o2)C1,1.751664
CCOC(=O)Nc1ccc2c(c1)N(C(=O)CN(CC)CC)c1ccccc1CC2,1.936413
CC1CCN(CCNC(=O)c2ccncc2)CC1,1.533899
COc1ccccc1-n1cc2c(c1-c1ccccc1Br)c(=O)n(C)c(=O)n2C,-0.091515
COc1ccccc1N1CCN(c2nc(-c3ccc(C)cc3)cc(=O)[nH]2)CC1,-0.69897
Cc1cccn(Cc2ccccc2F)c1=O,1.450249
O=C(O)c1cc(/C=C/c2csnn2)nc2ccccc12,1.1959
Cc1ccc(-c2ccnc(N3C[C@@H](C)NC[C@@H]3C)n2)c(C)n1,1.413635
CONC(=O)c1ccccc1Nc1cc(Nc2cc(C)nn2C(C)C)ncc1Cl,1.384264
CC(C)c1nc(NCc2cccnc2)n(C)n1,1.581608
N#Cc1c(N)nc(-c2ccccc2)nc1C(F)(F)F,-0.721246
COc1ccccc1C(=O)Nc1cccc(C#N)c1,1.51904
CCCNC(=O)Nc1ccc(Oc2ncnc3cc(OC)c(OC)cc23)cc1Cl,-0.657577
O=C(c1ccc(Cn2nnc(-c3cccc(F)c3)n2)cc1)N1CCCC1,1.033424
Cc1nccc(-c2cccc(NCC(=O)N(C)c3ccccc3)c2)n1,1.582291
CC(C)c1nnc(CN2CCN(c3nccs3)CC2)o1,1.716588
CC(C)(C)C(=O)Nc1sc2c(c1C#N)CCC2,0.281033
Nc1nc(CN2CCN(c3ccc(F)cc3)CC2)cs1,1.755722
Clc1ccc2[nH]c(COc3ccccc3)nc2c1,1.470263
Cc1noc(OCC(=O)N2CCCCCC2)n1,1.70105
CCCS(=O)(=O)N1CCCC(C(=O)N2CCc3ccccc3C2)C1,1.738781
O=c1ccc(-c2ccc(F)cc2)nn1Cc1ccncc1,1.662286
COc1cc(/C=C/c2nccc(C#N)n2)ccc1F,0.514548
Nc1nncc(-c2ccccc2OC(F)F)n1,1.590061
Cc1cc(C)c(S(=O)(=O)Nc2ccc(N(C)C)cc2)c(C)c1-n1cnnn1,0.436163
CNc1ccc(C=CC=Cc2nc3ccc(O)cc3s2)cn1,-0.657577
Cc1ccccc1CC(=O)N1CCN(C(=O)c2ccccc2)CC1,1.646404
O=C(CCn1c(O)ccc1O)Nc1cccc2ncccc12,1.655138
CCNC(=O)c1ccc(-c2cc(C)cc(OC)c2OC)nc1,1.541205
COc1c(C)cccc1CN1CCC(O)(c2ccc(F)cc2)CC1,1.599009
CN(CCc1ccccc1)C(=O)CC#N,1.512017
O=C(c1cc(-c2cccc(Cl)c2)on1)N1CCC(n2cccc2)CC1,1.019947
Cc1ccc(CN2CC[C@H](c3nnc(-c4ccccc4F)o3)C2)o1,1.657056
Cc1ccc(CC(=O)NCc2cccc(C(=O)Nc3ccccc3)c2)cc1,-0.420216
O=C1Nc2ccccc2O[C@H]2CC1N(Cc1cccnc1)C2,1.974742
Cc1nc(N2CCN(C)CC2)nc(C)c1NC(=O)C1CCCCC1,1.778441
Cc1cc(N(C)Cc2ccc(N)nc2)nc(-c2ccncc2)n1,1.461499
c1ccc(-c2noc(NCC3CCC3)n2)cc1,1.540079
Cc1ccnc(NC(=O)CN(C)c2ncnc3sc4c(c23)CCC(C)C4)c1,0.588832
CCOC1CCN(C(=O)Cn2c(=O)[nH]c3ccccc32)CC1,1.675137
O=C(OCc1cc(Cl)ccn1)c1ccc2[nH]c(C(F)F)nc2c1,1.54444
O=C(CNc1ccc(C(=O)N2CCCC2)cc1)N1CCCCC1,1.7344
O=c1[nH]c2ccccc2n1C1CCN(Cc2nnsc2Cl)CC1,0.991226
CC1(c2nnc(-c3ccc4c(c3)OCCO4)o2)CCOCC1,1.61066
c1ccc(Oc2cccc(CN(CCN3CCOCC3)Cc3cccnc3)c2)cc1,1.824126
COc1cccc(OCCCn2cncc2-c2cc3c(cc2C)n(C)c(=O)n3C)c1,1.743275
Cc1nn(CCC#N)c(C)c1Oc1ccccc1O,1.564548
CN1CCCN(c2nc(C(F)(F)F)nc3cc4c(cc23)OCO4)CC1,1.636588
O=C(Nc1ccc(S(=O)(=O)Nc2ccnn2-c2ccccc2)cc1)c1ccco1,1.801815
O=C(Cc1csc(-c2ccc(F)c(F)c2)n1)NCC(F)(F)F,-0.443697
CC1(C)Cc2cc(NC(=O)c3cnn4cccnc34)c(OCC3CC3)nc2O1,-0.154902
COc1ccccc1NC(=O)CSc1nc(C(C)(C)C)nc2ccccc12,-0.568636
O=C(c1cccc(Cl)c1)N1CCN(C(=O)c2ccc3ccccc3c2O)CC1,0.380211
COC1CCC(C(=O)NC[C@H]2CC[C@H](c3nnc(-c4nccc5ccccc45)o3)CC2)CC1,1.326541
CCCc1cc(N2CCc3c(nc(C4CC4)n3C)C2)n2ncnc2n1,1.726483
CCOc1ccc(S(=O)(=O)N(CC)CC(=O)Nc2ccc3c(c2)OCO3)cc1,-0.356547
Fc1cccc(CCNCc2cc(-c3ccccc3)cn3nnnc23)c1,1.137037
N#Cc1ccc(Cn2cncn2)c(F)c1,1.423737
Cc1ccc(OCc2noc(-c3ccsc3)n2)cn1,1.72214
CN1C(=O)N(CC(=O)NCc2ccc(Cl)cc2)C(=O)C12CCCCC2,1.705008
CCc1cc(N(C)Cc2ccc(N)nc2)nc(C)n1,1.562887
Cc1cc(C(=O)NC2CCN(c3ncnc4sc(C)c(C)c34)CC2)on1,0.396199
COc1ccccc1CNC(=O)C(C)N1CCCN(c2ccccc2C#N)CC1,1.67071
CNC(=O)c1ccccc1Nc1nc(Nc2ccc(N3CCOCC3)cc2OC)ncc1Cl,0.28892
CCn1nccc1-c1n[nH]c(=O)n1Cc1ccccc1,1.43072
N#CCN1CCCN(Cc2ccc(C#N)cc2)CC1,1.577262
CC(C)CCNC(=O)c1ccc2ccccc2n1,0.862131
CC(=O)Nc1ccc(O)cc1,1.44248
c1ccc(-c2c(-c3ccc(OCCN4CCCC4)cc3)[nH]c3ncnc(NCC4SCCS4)c23)cc1,0.570543
COCCN(Cc1cccs1)Cc1cccc(C)c1O,0.021189
O=C(O)c1ccc(N2CCCC2)c(F)c1,1.435844
CC(C)c1cc(C(=O)N2Cc3ccc(CN4CCN(C)CC4)cc3C2)c(O)cc1O,1.649627
NCc1ccc(Oc2ccccc2)nc1,1.342423
CSc1ccc(-c2ccc3n(c2=O)C[C@H]2CC3CN(C(=O)c3ccncc3)C2)cc1,1.574031
O=C(C1CC1)N1CCCC(C(=O)N2CCc3ccccc3C2Cc2ccccc2)C1,1.653695
COc1ccccc1-c1nn(-c2ccccc2)cc1CO,1.295127
Cc1cc(-c2nnc3ccc4ccccc4n23)n(C)n1,1.232996
O=C(Nc1nccs1)c1c2c(nc3ccccc13)CCC2,0.83123
CC(C(=O)Nc1ccccc1)N1CCCN(c2nccs2)CC1,1.569959
Cc1cc(C)n2ncc(C(=O)NC3CCCCC3)c2n1,0.693727
c1ccc(-c2noc(NC3CC3)n2)cc1,1.451786
Cc1cc(F)ccc1CC(=O)N[C@@H]1CCOC[C@H]1OCCO,1.679064
Cc1ccc(-n2cc[nH]c(=O)c2=O)cc1,1.631951
CN(C)C(=O)CN1CCN(C(=O)c2ccc3ccccc3c2O)CC1,1.642465
Cc1nc2ccccc2n1Cc1ccc(C(=O)O)cc1,1.549494
CC1Cc2ccccc2N1C(=O)CN1CCC(n2c(=O)[nH]c3ccccc32)CC1,1.738781
CN(C)Cc1ccc(-c2ccccc2C(=O)O)cc1,1.484157
CC1(C)CC[C@]2(C(=O)O)CC[C@]3(C)C(C(=O)C=C4[C@@]5(C)C=C(C#N)C(=O)C(C)(C)[C@@H]5CC[C@]43C)C2C1,1.803116
CCCCNC(=O)c1ccc2c(c1)nnn2C,1.415641
COc1ccc(-c2cn3c4ccccc4nc3n2CCO)cc1,1.672283
COc1cc2c(cc1NC(C)=O)oc1ccccc12,1.536558
OC[C@@H](c1ccccc1)n1cc(CCc2ccccc2)nn1,1.147367
N#Cc1ccc(COc2ccccc2C#N)cc1,0.232996
Cc1cc(C(=O)N(C)C2CCC2)n2nccc2n1,1.958564
COc1ccccc1-c1nnc([C@H]2CCN(Cc3ccccc3C)C2)o1,1.568788
O=C(O)CCn1c2ccccc2c2ccccc21,1.716087
Cc1cn2nc(-c3cc(=O)n4cc(N5CCNC6(CC6)C5)ccc4n3)cc(C)c2n1,1.556423
COc1cc(/C=C2\CCCN([C@@H](C)c3ccc(F)cc3)C2=O)ccc1-n1cnc(C)c1,1.110926
CC(C)c1cnc(COc2ccc(Br)nc2)o1,1.619928
Cc1ccnc(Oc2cc(N)ccc2C)c1,1.548267
Cc1ccc2c(CC(=O)N(C)CC(N)=O)coc2c1C,1.54295
Cc1ccc(-c2ccc(=O)n(Cc3ccncc3)n2)cc1,1.62941
Cc1cccc(OC2CN(C(=O)Cn3c(C)nn(-c4ccccc4)c3=O)C2)c1,0.708421
CC(=Nc1ccc(S(N)(=O)=O)cc1)c1c(C)[nH]n(-c2ccc(F)cc2)c1=O,1.452859
Cc1noc(C2CCN(C(=O)C3(c4cccc(F)c4)CCC3)CC2)n1,1.882525
Clc1ccc(-c2ccc(CNCC3CCCO3)o2)c(Cl)c1,1.483587
COc1ccc2c(c1)CN(c1nc(C)cc(C)n1)CC2,1.004751
O=C(CCN1CCN(C(=O)OCc2cc(Cl)cc(Cl)c2)CC1)c1ccc2[nH]c(=O)oc2c1,0.643453
O=C(/C=C\n1cnc(-c2cc(C(F)(F)F)cc(C(F)(F)F)c2)n1)NNc1cnccn1,1.095518
CN(CC(=O)Nc1cccc(F)c1)C(=O)c1cccc(C#N)c1,1.749968
Cc1nc(C2(NCc3cccc(C#N)c3)CCCC2)no1,1.677972
CS(=O)(=O)Cc1ccn(-c2ccccc2)n1,1.507856
COc1ccc(-c2[nH]c(C3CCN(C(=O)c4sc(C)nc4C)CC3)nc2C(N)=O)cc1,1.790918
CC#CCNc1ccc(-n2cnnn2)c(C)c1,1.287802
Cc1cccc(NC2CCN(Cc3ccncc3)CC2)n1,1.575188
N#Cc1ccccc1Cn1nnc(-c2ccccc2)n1,1.058805
CN(c1ncc(Br)cn1)C1CC[S+]([O-])CC1,1.882638
CN(CC(=O)NC1(C#N)CCCC1)c1ccccc1,1.66764
COc1ccc2nc(C)nc(N3CC(CO)C3)c2c1,1.466868
CC(C)(O)C(=O)N1CCC(c2ccc3c(NCc4ccccc4F)[nH]nc3n2)CC1,1.464936
CCOc1ccccc1NC(=O)C(=O)NCc1ccccc1F,-0.468521
CCc1ccccc1-c1cn(CCc2cnccn2)nn1,1.441695
O=c1ccc(C2CC2)nn1CC1CN(CC2(O)CCCC2)C1,1.720903
COc1ccc(-c2cnn3c(N)c(-c4ccccc4)cnc23)cc1OC,-0.721246
CN(CCc1ccccn1)c1cnc2ccccc2n1,1.648848
CCCN(Cc1ccccc1)C(=O)CC1(N)CCC1,1.751356
Cc1cc(C)cc(C(=O)Nc2c(C#N)cnn2C)c1,1.582518
O=C(Cn1cccc(C(=O)Nc2cccc(-n3cccn3)c2)c1=O)NC1CCCCC1,-0.09691
Clc1cccc(-c2nnc(Cn3cnc4ccccc43)o2)c1,1.437751
O=C1CCCc2c1[nH]c1cc(-n3ccnc3-c3ccncc3)ccc21,0.814913
Cc1cccc(OC2CCN(CC(N)=O)CC2)c1,1.897517
CCCS(=O)(=O)Nc1ccc(F)c(C(=O)c2c[nH]c3ncc(-c4ccc(Cl)cc4)cc23)c1F,-0.455932
O=C(CSC1CCCC1)N1CCC(Cn2cccn2)CC1,1.801404
CCCC(=O)Nc1cnc(N2CCN(C)CC2)nc1,1.547775
CCCOc1ccccc1C(=O)N1CC(Oc2cccc(OC)c2)C1,1.62634
O=C(NCC(F)(F)F)c1ccncc1,1.487138
Cc1ccc(C(=O)NC2CCN(CC#N)CC2)cc1Br,0.30963
CNC(=O)c1cn(C)nc1CC1CCN(Cc2cnc(-c3ccc(OC)cc3)nc2)CC1,1.759743
O=C(c1noc2c1CCCC2)N1CCN(c2ncccn2)CC1,1.726727
CC(C)Cn1c(=O)[nH]c(=O)c2c1nc1n2CCCCC1,1.79706
O=C(Nc1nc2ccccc2[nH]1)c1ccc(-c2ccccc2)cc1,-0.30103
CCONC(=O)c1cncn1-c1ccc(F)cc1,1.681693
COc1ccc(C)cc1NC(=O)CN1CCc2ccccc2C1,1.191171
CCC1(O)CN(c2ncccc2C#N)C1,1.356026
NC(=O)COc1ccccc1-c1ccccc1,1.591176
CCOC(=O)c1ccc(NC(=O)Cn2cnc3ccccc32)cc1,1.264818
O=C(NCCc1cnn(-c2ccccc2)c1)N1CCC1,1.597695
COc1cccc(NC(=O)C2CCCN(S(=O)(=O)c3ccc(C)cc3)C2)c1,1.0
Cc1ccccc1-n1c(CC2CCN(C(=O)C3CC3)CC2)n[nH]c1=O,1.68106
CC(C)c1noc(-c2ccc(N(C)Cc3cccnc3)nc2)n1,1.563006
COc1cccc(-c2ccc(C(=O)N(C)Cc3c(C)nn(C(C)C)c3C)o2)c1,1.672005
CCc1nc(C(N)=O)c(Nc2ccc(N3CCC(N4CCN(C)CC4)CC3)c(OC)c2)nc1NC1CCOCC1,1.560265
Cc1ccc(F)cc1NC(=O)c1cnc2onc(C(C)C)c2c1,1.627571
O=C1CCCN1CCCN1CCC(n2c(=O)[nH]c3ccccc32)CC1,1.201397
CC(C)Oc1ccc(C(=O)Nc2cccc(-c3nc4cnccc4o3)c2)cc1,-0.267606
Cc1c[nH]nc1C1(C)CCN(Cc2cnn(C)c2)CC1,1.452859
Nc1[nH]ncc1-c1cc(Cl)ccc1Oc1cc(F)c(S(=O)(=O)Nc2cscn2)cc1Cl,1.475235
O=C(Cn1ccnc1)NCc1ccccc1F,1.688064
CC(C)(C)N1CCCN(C(=O)CNc2ccc(C#N)cc2)CC1,1.698709
Cc1c[nH]c(=O)n1-c1ccc(C(=O)Nc2ccc3ccccc3n2)cc1,0.770852
CC(C)n1nnnc1-c1ccc(N)cc1F,1.371806
Cc1ccccc1OCCCNc1cc(Cn2c(C)nc3ccccc32)nc(N)n1,1.159567
N#CCCn1[nH]c(C(F)(F)F)cc1=O,1.363988
COc1ccc2c(c1)C=C(CN1CCC(c3cc(-c4cncnc4)cc(C)n3)CC1)CO2,1.358886
COc1ccc(NS(=O)(=O)c2ccc3c(c2)n(C)c(=O)n3C)cc1,0.311754
N#CCSCC(=O)NC1CCCCCC1,1.651181
Cn1c(NC(=O)C2CC2c2ccc(Cl)cc2)nc2ccccc21,-0.522879
Cc1ccc2c(CC(=O)N(C)Cc3nnc4n3CCC4)coc2c1C,1.736715
CC(C)C(C(=O)Nc1nc2ccccc2[nH]1)N1Cc2ccccc2C1=O,1.042379
O=c1[nH]nc(CCCN2CCOCC2)n1-c1cccc(Cl)c1,1.606381
COC1CCN(C(=O)Nc2cc(C(F)(F)F)cc(C(F)(F)F)c2)CC1,1.853577
Nc1ccc(Cl)c(Nc2cc(=O)n(-c3c(Cl)cc(Cl)cc3Cl)[nH]2)c1,1.147985
Cc1cc(F)ccc1C(=O)NCc1ccc(O)c(O)c1,1.606919
O=C(CCOc1ccccc1)N1CCCC1,1.58995
CC(=O)N1CCc2ccc(N(C(=O)/C=C/c3cccc(C#N)c3)C3CCN(CCC4CCCC4)CC3)cc21,0.267172
Cc1cccn(Cc2cccnc2)c1=O,1.672098
Cc1nccc(-c2cccc(NCC(=O)N3CCCCCCC3)c2)n1,1.745387
Cc1ccc(NC(=O)c2cccc(N(C)C)c2)cc1NC(=O)c1ccc(O)cc1,0.518514
Cc1ccc2nc3c(c(C(=O)NCc4cnn(C)c4)c2c1)CCCC3,1.7502
O=C(CCNC(=O)c1ccc(OC(F)(F)F)cc1)N[C@@H]1CCCc2ccccc21,0.662758
O=C1CCCN1CCc1nc(-c2ccc3[nH]c(=O)oc3c2)cs1,1.770778
Cc1nnc(NC(=O)c2nn(-c3ccc(F)cc3)c3c2CCCC3)s1,0.462398
NCc1cccnc1OCc1ccccc1,1.40637
COCCOc1ccc2c(c1)ncn2-c1ccc2cccc(N3CCC(N)CC3)c2n1,1.482159
COc1nc(C)nc(N(C)Cc2nccs2)c1C,1.473779
O=C(O)c1ccc(-c2c[nH]c3ncc(-c4ccccc4)cc23)cc1C1CCCC1,-0.387216
CN(c1ccc(NC(=O)Nc2ccc(OC(F)(F)F)cc2)cc1)c1ccnc(Nc2cccc(S(N)(=O)=O)c2)n1,0.290035
Cn1ncc2cc(-c3ccnc4[nH]ccc34)ccc21,0.669317
c1ccc(Cc2ccccc2-c2nnc(-c3cccnc3)o2)cc1,-0.657577
Cc1cnc(Cl)nc1-c1ccc(N(Cc2ccc(CNC(=O)C(F)F)cc2)C(=O)c2ccc(O)cc2O)cc1,1.440279
Cc1c(-c2ccc(O)cc2)n(Cc2ccc(OCCN3CCCCCC3)cc2)c2ccc(O)cc12,0.956168
CC1CC1C(=O)N1CCC(n2c(=O)[nH]c3ccccc32)CC1,1.507856
Cc1nc(=O)cc(C2CN(C3CCCCC3)C2)[nH]1,1.61721
CN(CC(N)=O)Cc1cc2c(cc1Br)OCO2,1.843233
CC1(C)CN(C(=O)C2(C(=O)N3CC(C)(C)C3(C)C)CCC2)C1(C)C,1.875061
O=C(NCc1nnc2c(=O)[nH]ccn12)C1CCCC1,1.621592
Cc1nc(-c2ccc(Cl)c(Cl)c2)n(CC(C)(C)O)n1,1.622525
Cc1cccc(NC(=O)CN2CCCN(c3ccc(C(F)(F)F)cn3)CC2)c1,1.409933
CC1(C)OCCn2c1nc1c(N3CCOCC3)nc(-c3cnc(N)nc3)nc12,0.808886
Cc1cc(NCc2ccnc(N3CCCC3)c2)c2ccccc2n1,1.507451
Fc1ccc(-n2nc(C3CCOCC3)nc2-c2cn[nH]c2)c(F)c1,1.412964
Cc1c(-c2ccccc2)oc2c(C(=O)NCCCN3CCCCC3)cccc2c1=O,1.687351
CC1(C)Oc2ccc(Cl)cc2[C@@H]2O[C@@H]3CCNC[C@@H]3C[C@H]21,1.628287
CNC(=O)c1cc(C2CCN(C)CC2)ncn1,1.511883
O=C(NCc1ccc2c(c1)OCCO2)c1sccc1C1CC1,1.493876
CC1(COc2ccc3c(c2)ncn3-c2ccc3cccc(OS(=O)(=O)C(F)(F)F)c3n2)COC1,-0.39794
N#Cc1cccc(-c2ccc(=O)n3c2C2C[C@@H](CN(Cc4cccs4)C2)C3)c1,1.689309
